--
-- PostgreSQL database dump
--

-- Dumped from database version 15.1
-- Dumped by pg_dump version 15.1

SET statement_timeout = 0;
SET lock_timeout = 0;
SET idle_in_transaction_session_timeout = 0;
SET client_encoding = 'UTF8';
SET standard_conforming_strings = on;
SELECT pg_catalog.set_config('search_path', '', false);
SET check_function_bodies = false;
SET xmloption = content;
SET client_min_messages = warning;
SET row_security = off;

--
-- Name: uuid-ossp; Type: EXTENSION; Schema: -; Owner: -
--

CREATE EXTENSION IF NOT EXISTS "uuid-ossp" WITH SCHEMA public;


--
-- Name: EXTENSION "uuid-ossp"; Type: COMMENT; Schema: -; Owner: 
--

COMMENT ON EXTENSION "uuid-ossp" IS 'generate universally unique identifiers (UUIDs)';


SET default_tablespace = '';

SET default_table_access_method = heap;

--
-- Name: email; Type: TABLE; Schema: public; Owner: postgres
--

CREATE TABLE public.email (
    id uuid DEFAULT public.uuid_generate_v4() NOT NULL,
    name character varying(255) NOT NULL,
    email character varying(255) NOT NULL,
    created_at timestamp with time zone DEFAULT CURRENT_TIMESTAMP,
    updated_at timestamp with time zone DEFAULT CURRENT_TIMESTAMP
);


ALTER TABLE public.email OWNER TO postgres;

--
-- Name: migrations; Type: TABLE; Schema: public; Owner: postgres
--

CREATE TABLE public.migrations (
    id integer NOT NULL,
    name character varying(255),
    batch integer,
    migration_time timestamp with time zone
);


ALTER TABLE public.migrations OWNER TO postgres;

--
-- Name: migrations_id_seq; Type: SEQUENCE; Schema: public; Owner: postgres
--

CREATE SEQUENCE public.migrations_id_seq
    AS integer
    START WITH 1
    INCREMENT BY 1
    NO MINVALUE
    NO MAXVALUE
    CACHE 1;


ALTER TABLE public.migrations_id_seq OWNER TO postgres;

--
-- Name: migrations_id_seq; Type: SEQUENCE OWNED BY; Schema: public; Owner: postgres
--

ALTER SEQUENCE public.migrations_id_seq OWNED BY public.migrations.id;


--
-- Name: migrations_lock; Type: TABLE; Schema: public; Owner: postgres
--

CREATE TABLE public.migrations_lock (
    index integer NOT NULL,
    is_locked integer
);


ALTER TABLE public.migrations_lock OWNER TO postgres;

--
-- Name: migrations_lock_index_seq; Type: SEQUENCE; Schema: public; Owner: postgres
--

CREATE SEQUENCE public.migrations_lock_index_seq
    AS integer
    START WITH 1
    INCREMENT BY 1
    NO MINVALUE
    NO MAXVALUE
    CACHE 1;


ALTER TABLE public.migrations_lock_index_seq OWNER TO postgres;

--
-- Name: migrations_lock_index_seq; Type: SEQUENCE OWNED BY; Schema: public; Owner: postgres
--

ALTER SEQUENCE public.migrations_lock_index_seq OWNED BY public.migrations_lock.index;


--
-- Name: requests; Type: TABLE; Schema: public; Owner: postgres
--

CREATE TABLE public.requests (
    id uuid DEFAULT public.uuid_generate_v4() NOT NULL,
    server_id uuid,
    response_time integer NOT NULL,
    status_code integer NOT NULL,
    created_at timestamp with time zone DEFAULT CURRENT_TIMESTAMP,
    success boolean DEFAULT true NOT NULL
);


ALTER TABLE public.requests OWNER TO postgres;

--
-- Name: web_servers; Type: TABLE; Schema: public; Owner: postgres
--

CREATE TABLE public.web_servers (
    id uuid DEFAULT public.uuid_generate_v4() NOT NULL,
    name character varying(255) NOT NULL,
    url character varying(255) NOT NULL,
    status character varying(255) DEFAULT 'unknown'::character varying NOT NULL,
    created_at timestamp with time zone DEFAULT CURRENT_TIMESTAMP,
    updated_at timestamp with time zone DEFAULT CURRENT_TIMESTAMP
);


ALTER TABLE public.web_servers OWNER TO postgres;

--
-- Name: migrations id; Type: DEFAULT; Schema: public; Owner: postgres
--

ALTER TABLE ONLY public.migrations ALTER COLUMN id SET DEFAULT nextval('public.migrations_id_seq'::regclass);


--
-- Name: migrations_lock index; Type: DEFAULT; Schema: public; Owner: postgres
--

ALTER TABLE ONLY public.migrations_lock ALTER COLUMN index SET DEFAULT nextval('public.migrations_lock_index_seq'::regclass);


--
-- Data for Name: email; Type: TABLE DATA; Schema: public; Owner: postgres
--

COPY public.email (id, name, email, created_at, updated_at) FROM stdin;
4730646d-8485-4eed-a4c0-56ab671b2e2a	eli	eli.eliyahu.280@gmail.com	2024-07-16 13:21:22.760344+03	2024-07-16 13:21:22.760344+03
\.


--
-- Data for Name: migrations; Type: TABLE DATA; Schema: public; Owner: postgres
--

COPY public.migrations (id, name, batch, migration_time) FROM stdin;
3	20240715101752_init.ts	1	2024-07-15 13:24:14.476+03
4	20240715220517_add_success_column_to_requests.ts	2	2024-07-16 01:06:42.737+03
5	20240716015353__add_table_email.ts	3	2024-07-16 10:01:52.021+03
\.


--
-- Data for Name: migrations_lock; Type: TABLE DATA; Schema: public; Owner: postgres
--

COPY public.migrations_lock (index, is_locked) FROM stdin;
1	0
\.


--
-- Data for Name: requests; Type: TABLE DATA; Schema: public; Owner: postgres
--

COPY public.requests (id, server_id, response_time, status_code, created_at, success) FROM stdin;
6ab3ed2c-46b9-4290-a30e-2b870c93b3c3	6414c25f-e134-4a06-9eaf-dac3a9f6b045	3	500	2024-07-17 23:26:40.254564+03	f
7052c345-416c-4281-8b89-a875fe69153f	6414c25f-e134-4a06-9eaf-dac3a9f6b045	2	500	2024-07-17 23:26:40.261442+03	f
467a2982-3471-454a-9278-9d5d636c006c	6414c25f-e134-4a06-9eaf-dac3a9f6b045	3	500	2024-07-17 23:26:40.266171+03	f
b069aa58-75b6-455f-8153-d952aff642e2	6414c25f-e134-4a06-9eaf-dac3a9f6b045	2	500	2024-07-17 23:26:40.269589+03	f
ee9747e7-eeb1-4353-86b2-bc14a2ed8358	6414c25f-e134-4a06-9eaf-dac3a9f6b045	2	500	2024-07-17 23:26:40.274215+03	f
91a098f8-62f6-4c6a-b0a4-82e76b938750	a39f847b-bf47-4c15-8172-e4d3647d9561	2	500	2024-07-17 23:26:42.315791+03	f
da30bfb3-d202-4a0b-b0eb-639e06fccd9b	a39f847b-bf47-4c15-8172-e4d3647d9561	2	500	2024-07-17 23:26:42.320925+03	f
3c0d4ef0-5ab1-41c8-b29d-eb75a6ef2ad2	a39f847b-bf47-4c15-8172-e4d3647d9561	3	500	2024-07-17 23:26:42.325065+03	f
194e0a52-4bbe-44ce-a572-2f9aaa9dff1e	a39f847b-bf47-4c15-8172-e4d3647d9561	2	500	2024-07-17 23:26:42.329309+03	f
0280cdd2-449b-40db-98ae-a3bfad71d96b	a39f847b-bf47-4c15-8172-e4d3647d9561	4	500	2024-07-17 23:26:42.335184+03	f
6c99976b-91a0-4f8b-b5fc-95d8048f8439	6414c25f-e134-4a06-9eaf-dac3a9f6b045	3	500	2024-07-17 23:27:40.269851+03	f
608387bf-db1d-4657-94b9-b70e641ee17a	6414c25f-e134-4a06-9eaf-dac3a9f6b045	2	500	2024-07-17 23:27:40.27524+03	f
c55f7782-6e3a-44f1-bdc6-2e6b614c2924	6414c25f-e134-4a06-9eaf-dac3a9f6b045	3	500	2024-07-17 23:27:40.280328+03	f
6d0d8ac4-6afe-478f-9809-2def8ee0471b	6414c25f-e134-4a06-9eaf-dac3a9f6b045	2	500	2024-07-17 23:27:40.284124+03	f
ac0fda0d-90c8-4e69-974f-92884c1215c1	6414c25f-e134-4a06-9eaf-dac3a9f6b045	2	500	2024-07-17 23:27:40.2886+03	f
2d16a631-5686-4cd5-8534-f2212db14c60	a39f847b-bf47-4c15-8172-e4d3647d9561	1	500	2024-07-17 23:27:40.292652+03	f
c710da91-1ac3-49f5-86b1-da9ea808688d	a39f847b-bf47-4c15-8172-e4d3647d9561	2	500	2024-07-17 23:27:40.296566+03	f
32098137-ca84-43f3-91a2-ac503cfaa4aa	a39f847b-bf47-4c15-8172-e4d3647d9561	2	500	2024-07-17 23:27:40.300548+03	f
62620558-ef9c-4123-8607-1a95ddd868b3	a39f847b-bf47-4c15-8172-e4d3647d9561	3	500	2024-07-17 23:27:40.305508+03	f
0ecf178e-4379-4cd1-8a76-ee0cf342f7f2	a39f847b-bf47-4c15-8172-e4d3647d9561	1	500	2024-07-17 23:27:40.308856+03	f
79c28852-c97e-407d-b661-9b57beab3353	6414c25f-e134-4a06-9eaf-dac3a9f6b045	3	500	2024-07-17 23:28:40.275975+03	f
0cfb707e-29d7-4e9d-a002-6a297a1b3116	6414c25f-e134-4a06-9eaf-dac3a9f6b045	3	500	2024-07-17 23:28:40.282828+03	f
76e886cd-cad1-49c9-aa08-87e97778a032	6414c25f-e134-4a06-9eaf-dac3a9f6b045	2	500	2024-07-17 23:28:40.286615+03	f
e19de22a-2781-4a2e-80ee-f68455265d87	6414c25f-e134-4a06-9eaf-dac3a9f6b045	3	500	2024-07-17 23:28:40.291235+03	f
bdbce442-bd33-44da-869f-9cd7a12c17c0	6414c25f-e134-4a06-9eaf-dac3a9f6b045	3	500	2024-07-17 23:28:40.296065+03	f
1ea92020-8446-4a84-b895-fa0b209714ce	a39f847b-bf47-4c15-8172-e4d3647d9561	2	500	2024-07-17 23:28:40.302058+03	f
9556ea2e-9936-4078-ae48-18985b0e3b45	a39f847b-bf47-4c15-8172-e4d3647d9561	3	500	2024-07-17 23:28:40.306659+03	f
e8acf3cf-9128-4a49-beb5-49716022c5a0	a39f847b-bf47-4c15-8172-e4d3647d9561	2	500	2024-07-17 23:28:40.310981+03	f
692b7af6-bab5-454c-9636-4aa289dac53b	a39f847b-bf47-4c15-8172-e4d3647d9561	2	500	2024-07-17 23:28:40.315102+03	f
a96fda2b-3318-4ddc-b483-97dcd197857e	a39f847b-bf47-4c15-8172-e4d3647d9561	2	500	2024-07-17 23:28:40.319238+03	f
2413ebad-4761-4c67-bdb5-df923807518b	6414c25f-e134-4a06-9eaf-dac3a9f6b045	1	500	2024-07-17 23:29:40.277303+03	f
7fdcf37c-dd7b-4c5e-9c6f-3d7d4382dee6	6414c25f-e134-4a06-9eaf-dac3a9f6b045	2	500	2024-07-17 23:29:40.283099+03	f
77b7304e-02b7-4257-ac05-ca565d3c3b92	6414c25f-e134-4a06-9eaf-dac3a9f6b045	1	500	2024-07-17 23:29:40.28628+03	f
d5a27860-3a70-439f-8541-bd765e5c6296	6414c25f-e134-4a06-9eaf-dac3a9f6b045	3	500	2024-07-17 23:29:40.291584+03	f
ec5c8fcd-95a6-4fdd-9670-7ab75ae19fb5	6414c25f-e134-4a06-9eaf-dac3a9f6b045	1	500	2024-07-17 23:29:40.29536+03	f
2462cf8f-28ef-4bb5-90c1-0868d99c19eb	a39f847b-bf47-4c15-8172-e4d3647d9561	3	500	2024-07-17 23:29:40.300718+03	f
4d201611-9a94-4ef5-81f2-d4880a168e7c	a39f847b-bf47-4c15-8172-e4d3647d9561	2	500	2024-07-17 23:29:40.304645+03	f
bb2eddd9-7dfc-4cdc-a836-7c340299a994	a39f847b-bf47-4c15-8172-e4d3647d9561	3	500	2024-07-17 23:29:40.309947+03	f
3bc97e8a-a6bd-4248-9c8f-1d510c04dbe9	a39f847b-bf47-4c15-8172-e4d3647d9561	2	500	2024-07-17 23:29:40.3145+03	f
a3a2286c-8fc3-43cb-b24b-9fdf19b9b5f2	a39f847b-bf47-4c15-8172-e4d3647d9561	2	500	2024-07-17 23:29:40.319512+03	f
6bbfa5bd-9338-4e7e-a1c8-496d5d964c6e	6414c25f-e134-4a06-9eaf-dac3a9f6b045	2	500	2024-07-17 23:30:40.288087+03	f
6ce8054d-f27b-416d-920a-f05f1cdf0d13	6414c25f-e134-4a06-9eaf-dac3a9f6b045	3	500	2024-07-17 23:30:40.295044+03	f
1521d1c5-a1bf-4673-b5a5-4b2ec9256244	6414c25f-e134-4a06-9eaf-dac3a9f6b045	2	500	2024-07-17 23:30:40.298659+03	f
9354d6e5-26dd-4839-b1db-5b38bd4d22a7	6414c25f-e134-4a06-9eaf-dac3a9f6b045	2	500	2024-07-17 23:30:40.30235+03	f
5d13fed8-96c8-4871-b632-8b56eee25ee4	6414c25f-e134-4a06-9eaf-dac3a9f6b045	2	500	2024-07-17 23:30:40.306364+03	f
f17234ef-eae1-4772-97e8-c69c6a33a99c	a39f847b-bf47-4c15-8172-e4d3647d9561	2	500	2024-07-17 23:30:40.310536+03	f
62194033-d96f-4913-ac9c-2882a20eebb3	a39f847b-bf47-4c15-8172-e4d3647d9561	2	500	2024-07-17 23:30:40.314164+03	f
0bd09980-fba8-4bc2-a5d0-d97732527898	a39f847b-bf47-4c15-8172-e4d3647d9561	2	500	2024-07-17 23:30:40.318474+03	f
176b6ab3-7ff5-4907-a348-23648f14d0d5	a39f847b-bf47-4c15-8172-e4d3647d9561	2	500	2024-07-17 23:30:40.321938+03	f
6a03e06c-bfc3-45d9-b073-b412b3ee9138	a39f847b-bf47-4c15-8172-e4d3647d9561	1	500	2024-07-17 23:30:40.325328+03	f
6f1ae0b1-6d56-445b-b722-f06a450ec6b9	6414c25f-e134-4a06-9eaf-dac3a9f6b045	46	500	2024-07-17 23:32:13.480003+03	f
18accd62-f775-4226-8d73-553555b4d94f	6414c25f-e134-4a06-9eaf-dac3a9f6b045	3	500	2024-07-17 23:32:13.497115+03	f
8ffaab3d-269b-407f-a593-c5e76d9aa6c1	6414c25f-e134-4a06-9eaf-dac3a9f6b045	3	500	2024-07-17 23:32:13.502052+03	f
b9e12c22-8ffc-4776-98cd-879a399b7279	6414c25f-e134-4a06-9eaf-dac3a9f6b045	3	500	2024-07-17 23:32:13.506889+03	f
eda5408d-c453-461d-86fa-8706a6be1a82	6414c25f-e134-4a06-9eaf-dac3a9f6b045	2	500	2024-07-17 23:32:13.511427+03	f
b33529ed-eaf8-4692-9cd4-d58d3fc4a9a4	a39f847b-bf47-4c15-8172-e4d3647d9561	3	500	2024-07-17 23:32:13.51865+03	f
37126afc-2def-497c-bfe7-ac0e1d29ae4a	a39f847b-bf47-4c15-8172-e4d3647d9561	3	500	2024-07-17 23:32:13.524078+03	f
c202bdd7-2f7c-43a1-bb3e-0c943039a954	a39f847b-bf47-4c15-8172-e4d3647d9561	2	500	2024-07-17 23:32:13.52823+03	f
736cff23-5c2a-4418-9208-473f2de8b9c0	a39f847b-bf47-4c15-8172-e4d3647d9561	3	500	2024-07-17 23:32:13.532663+03	f
59e024e4-c003-4f19-8536-d043105de38d	a39f847b-bf47-4c15-8172-e4d3647d9561	3	500	2024-07-17 23:32:13.538331+03	f
9846aedc-5352-45fa-9bc0-612340c9cfba	6414c25f-e134-4a06-9eaf-dac3a9f6b045	38	500	2024-07-17 23:33:20.668164+03	f
bfbd2b7a-b3a4-4903-9e76-793051923feb	6414c25f-e134-4a06-9eaf-dac3a9f6b045	3	500	2024-07-17 23:33:20.684345+03	f
a1633169-9841-46bc-b73b-008271389554	6414c25f-e134-4a06-9eaf-dac3a9f6b045	3	500	2024-07-17 23:33:20.69007+03	f
9ce179d2-bb71-4ce6-9296-c50730fa0510	6414c25f-e134-4a06-9eaf-dac3a9f6b045	2	500	2024-07-17 23:33:20.69445+03	f
1e06f891-91ef-42a0-b625-1ee33dc2c15a	6414c25f-e134-4a06-9eaf-dac3a9f6b045	3	500	2024-07-17 23:33:20.699231+03	f
555630ef-0167-450d-a879-c69e2b073277	a39f847b-bf47-4c15-8172-e4d3647d9561	3	500	2024-07-17 23:33:20.705916+03	f
32ebf893-84b9-40ad-a3cc-81eccfa84c36	a39f847b-bf47-4c15-8172-e4d3647d9561	2	500	2024-07-17 23:33:20.709671+03	f
df82470a-a42f-468e-96d0-ea8e8098ef59	a39f847b-bf47-4c15-8172-e4d3647d9561	3	500	2024-07-17 23:33:20.714676+03	f
b80735ca-1bc1-4b49-8cbb-f41fb227c6f8	a39f847b-bf47-4c15-8172-e4d3647d9561	2	500	2024-07-17 23:33:20.718556+03	f
aa1df339-cab3-42d8-a75d-80fc77303181	a39f847b-bf47-4c15-8172-e4d3647d9561	3	500	2024-07-17 23:33:20.723296+03	f
536bd301-2ec2-4f4e-99cd-bf453189c480	6414c25f-e134-4a06-9eaf-dac3a9f6b045	4	500	2024-07-17 23:34:20.634516+03	f
f8f8f815-e421-4aa6-be5f-cc099516aadf	6414c25f-e134-4a06-9eaf-dac3a9f6b045	3	500	2024-07-17 23:34:20.641042+03	f
a7ac335b-1fb4-4a71-96d8-dcc67dad5686	6414c25f-e134-4a06-9eaf-dac3a9f6b045	2	500	2024-07-17 23:34:20.645416+03	f
a120f99a-b6b8-4a16-8e5e-af3ff3a5f7eb	6414c25f-e134-4a06-9eaf-dac3a9f6b045	3	500	2024-07-17 23:34:20.650703+03	f
bc08a657-817b-46d0-890a-81d213e3cedd	6414c25f-e134-4a06-9eaf-dac3a9f6b045	2	500	2024-07-17 23:34:20.654422+03	f
56292763-0fa5-451b-87f1-83add680e4fa	a39f847b-bf47-4c15-8172-e4d3647d9561	2	500	2024-07-17 23:34:20.660485+03	f
95509a4e-818d-4159-823a-204275b0163e	a39f847b-bf47-4c15-8172-e4d3647d9561	4	500	2024-07-17 23:34:20.666098+03	f
829b689a-fdd3-4138-b0a9-c0ce3e23b3d3	a39f847b-bf47-4c15-8172-e4d3647d9561	3	500	2024-07-17 23:34:20.670746+03	f
7ebc44a4-5ce7-4d8e-948b-677e4cf7e69a	a39f847b-bf47-4c15-8172-e4d3647d9561	3	500	2024-07-17 23:34:20.675438+03	f
e649cb36-d9a4-4753-ba01-61aa63d39569	a39f847b-bf47-4c15-8172-e4d3647d9561	3	500	2024-07-17 23:34:20.680657+03	f
07cb325e-f6d6-4d38-bb76-a6e30a26719f	8136f0b2-3c02-4816-8deb-ac78b6da641c	3	500	2024-07-17 23:34:20.686328+03	f
470feec3-a953-4876-9c59-4a4990c08a59	8136f0b2-3c02-4816-8deb-ac78b6da641c	1	500	2024-07-17 23:34:20.689665+03	f
893ec25d-8132-41fc-8088-dd985fc7f859	8136f0b2-3c02-4816-8deb-ac78b6da641c	3	500	2024-07-17 23:34:20.69509+03	f
9af29782-288e-449b-b45a-0f53656de24e	8136f0b2-3c02-4816-8deb-ac78b6da641c	3	500	2024-07-17 23:34:20.700075+03	f
84ea1346-3df7-4a66-92cf-d9bbe58d2938	8136f0b2-3c02-4816-8deb-ac78b6da641c	2	500	2024-07-17 23:34:20.703577+03	f
47043a9c-1f30-4b77-afa5-cbb5e4637cba	6414c25f-e134-4a06-9eaf-dac3a9f6b045	41	500	2024-07-17 23:35:49.544278+03	f
08495bf2-b723-4124-bdaa-c472016ac132	6414c25f-e134-4a06-9eaf-dac3a9f6b045	5	500	2024-07-17 23:35:49.561526+03	f
9e210078-a595-4317-8951-bea08604c5c7	6414c25f-e134-4a06-9eaf-dac3a9f6b045	3	500	2024-07-17 23:35:49.567468+03	f
0f76ab90-5932-4733-9de0-920e26e30177	6414c25f-e134-4a06-9eaf-dac3a9f6b045	4	500	2024-07-17 23:35:49.574393+03	f
5747e20e-3f86-4e35-b0ce-1765e54653c7	6414c25f-e134-4a06-9eaf-dac3a9f6b045	4	500	2024-07-17 23:35:49.581296+03	f
89315f42-1332-4fa9-95f0-d96bd6484ad1	a39f847b-bf47-4c15-8172-e4d3647d9561	3	500	2024-07-17 23:35:49.589092+03	f
e493ee89-4b86-4357-89d9-48193e1d409e	a39f847b-bf47-4c15-8172-e4d3647d9561	3	500	2024-07-17 23:35:49.595265+03	f
9fdb0fa6-8800-4d73-a4cd-14d016641dc0	a39f847b-bf47-4c15-8172-e4d3647d9561	3	500	2024-07-17 23:35:49.59995+03	f
b1e83a65-2f1c-48ab-8098-3a448c808aa8	a39f847b-bf47-4c15-8172-e4d3647d9561	3	500	2024-07-17 23:35:49.604798+03	f
11be5c92-d02b-45a6-9804-1e024eaed282	a39f847b-bf47-4c15-8172-e4d3647d9561	3	500	2024-07-17 23:35:49.610375+03	f
78bd7149-b77f-4bca-b27f-9dbaff34a3de	8136f0b2-3c02-4816-8deb-ac78b6da641c	2	500	2024-07-17 23:35:49.61651+03	f
253faf69-45be-4647-aaf7-7514e52d7ce1	8136f0b2-3c02-4816-8deb-ac78b6da641c	3	500	2024-07-17 23:35:49.621143+03	f
fd4ad2ca-eae7-41f9-8ef8-cae130d36d3c	8136f0b2-3c02-4816-8deb-ac78b6da641c	3	500	2024-07-17 23:35:49.626617+03	f
9fe7a26b-9b7b-4e81-b1e7-3f7e84b787de	8136f0b2-3c02-4816-8deb-ac78b6da641c	3	500	2024-07-17 23:35:49.632501+03	f
231e620b-3366-45ef-a1df-3db8d8cf4341	8136f0b2-3c02-4816-8deb-ac78b6da641c	3	500	2024-07-17 23:35:49.637118+03	f
66d70e94-c57c-4a2d-9107-d5d0b7d78837	6414c25f-e134-4a06-9eaf-dac3a9f6b045	3	500	2024-07-17 23:36:49.450964+03	f
0368121c-81fe-4f37-9f1f-702fdced6e63	6414c25f-e134-4a06-9eaf-dac3a9f6b045	3	500	2024-07-17 23:36:49.457254+03	f
51277045-8553-4dbd-8c49-34015d9478d9	6414c25f-e134-4a06-9eaf-dac3a9f6b045	3	500	2024-07-17 23:36:49.46266+03	f
1482194e-15e2-4c0a-bc23-2ac8363ca957	6414c25f-e134-4a06-9eaf-dac3a9f6b045	4	500	2024-07-17 23:36:49.468123+03	f
480c22fc-2851-403f-b9c2-c616a6789df1	6414c25f-e134-4a06-9eaf-dac3a9f6b045	3	500	2024-07-17 23:36:49.473721+03	f
d9aed938-b63d-4c5a-a9bf-db917c07af95	a39f847b-bf47-4c15-8172-e4d3647d9561	4	500	2024-07-17 23:36:49.480117+03	f
5cf87b30-81a0-4889-8002-70ad23e7e3ea	a39f847b-bf47-4c15-8172-e4d3647d9561	3	500	2024-07-17 23:36:49.485349+03	f
aa825941-c74c-433f-a8ef-4a6e20dc39e2	a39f847b-bf47-4c15-8172-e4d3647d9561	3	500	2024-07-17 23:36:49.490121+03	f
3bf74d48-0ed4-4254-ad9b-b25df98bcdb7	a39f847b-bf47-4c15-8172-e4d3647d9561	3	500	2024-07-17 23:36:49.495342+03	f
2831deaf-4298-4cb6-a0d5-2ffac6d0060c	a39f847b-bf47-4c15-8172-e4d3647d9561	2	500	2024-07-17 23:36:49.499642+03	f
99e02930-d77b-487f-b27f-f25236179cbf	8136f0b2-3c02-4816-8deb-ac78b6da641c	3	500	2024-07-17 23:36:49.505408+03	f
3ca8f3c6-ed9f-4ce7-b3f4-93c8df293c3d	8136f0b2-3c02-4816-8deb-ac78b6da641c	2	500	2024-07-17 23:36:49.509565+03	f
4fe8c812-7d1b-49b5-805c-aa3bbc22e40b	8136f0b2-3c02-4816-8deb-ac78b6da641c	2	500	2024-07-17 23:36:49.51362+03	f
9ceff0a7-9096-4a73-af9a-ad71a98d5518	8136f0b2-3c02-4816-8deb-ac78b6da641c	2	500	2024-07-17 23:36:49.51722+03	f
02d1ead7-1668-4b2b-a1ad-2646634c8e49	8136f0b2-3c02-4816-8deb-ac78b6da641c	3	500	2024-07-17 23:36:49.521783+03	f
8ab3a2fe-3e30-4f2b-9b57-ba17f0b33e2c	6414c25f-e134-4a06-9eaf-dac3a9f6b045	3	500	2024-07-17 23:37:49.464976+03	f
ab9af7c7-d8ce-4176-9113-493a481c288b	6414c25f-e134-4a06-9eaf-dac3a9f6b045	2	500	2024-07-17 23:37:49.470324+03	f
29230123-403c-48c2-ad83-2ba6b51ec0f3	6414c25f-e134-4a06-9eaf-dac3a9f6b045	2	500	2024-07-17 23:37:49.474773+03	f
6cc90564-429a-487a-ac6b-d7f486a305d4	6414c25f-e134-4a06-9eaf-dac3a9f6b045	3	500	2024-07-17 23:37:49.479591+03	f
22e8e0c3-4982-4c32-a3de-4618e8a446e7	6414c25f-e134-4a06-9eaf-dac3a9f6b045	4	500	2024-07-17 23:37:49.485703+03	f
3ec19a05-c4cb-4876-9473-f27211285351	a39f847b-bf47-4c15-8172-e4d3647d9561	2	500	2024-07-17 23:37:49.490889+03	f
fdd9b755-410c-4ec7-8179-98fcc931d450	a39f847b-bf47-4c15-8172-e4d3647d9561	2	500	2024-07-17 23:37:49.494838+03	f
08448a14-406d-4c40-b7ef-8b5c15979d15	a39f847b-bf47-4c15-8172-e4d3647d9561	2	500	2024-07-17 23:37:49.499916+03	f
9ca00a34-b676-44ab-8793-2bef41dcd6f5	a39f847b-bf47-4c15-8172-e4d3647d9561	2	500	2024-07-17 23:37:49.504323+03	f
069cf2ed-1ef7-4630-b013-d23222371349	a39f847b-bf47-4c15-8172-e4d3647d9561	2	500	2024-07-17 23:37:49.509056+03	f
aea37360-416f-4674-a77f-49da6ae1d214	8136f0b2-3c02-4816-8deb-ac78b6da641c	3	500	2024-07-17 23:37:49.514723+03	f
33919163-fae0-4b83-a099-3bdf7347d1c4	8136f0b2-3c02-4816-8deb-ac78b6da641c	2	500	2024-07-17 23:37:49.519463+03	f
48da0ae8-fe85-4b89-a392-666d846308f4	8136f0b2-3c02-4816-8deb-ac78b6da641c	3	500	2024-07-17 23:37:49.523681+03	f
f56c8e5f-5e66-4e48-9869-fbe302def413	8136f0b2-3c02-4816-8deb-ac78b6da641c	3	500	2024-07-17 23:37:49.530474+03	f
8bb5d5c8-90e8-4a1f-b854-515b3df526a3	8136f0b2-3c02-4816-8deb-ac78b6da641c	3	500	2024-07-17 23:37:49.534971+03	f
d50b780b-a7b0-4425-bba8-6966f1c30985	6414c25f-e134-4a06-9eaf-dac3a9f6b045	57	500	2024-07-17 23:39:11.178+03	f
b110f482-9d84-4248-8757-50d12b6fc0b0	6414c25f-e134-4a06-9eaf-dac3a9f6b045	4	500	2024-07-17 23:39:11.194205+03	f
6a9a21ed-dd04-4b20-bf17-8ae9e78bc1a7	6414c25f-e134-4a06-9eaf-dac3a9f6b045	4	500	2024-07-17 23:39:11.20087+03	f
116fbe45-aec5-40f0-9316-a8d00f73ba8f	6414c25f-e134-4a06-9eaf-dac3a9f6b045	3	500	2024-07-17 23:39:11.205654+03	f
79a10dfe-9ec0-408a-883c-c126ba744e8d	6414c25f-e134-4a06-9eaf-dac3a9f6b045	5	500	2024-07-17 23:39:11.212671+03	f
91a360f8-2784-4608-b3a3-bf2e0d5cd364	a39f847b-bf47-4c15-8172-e4d3647d9561	3	500	2024-07-17 23:39:11.223275+03	f
ffd34e32-2c4d-46af-9db2-f3d6bab00717	a39f847b-bf47-4c15-8172-e4d3647d9561	2	500	2024-07-17 23:39:11.228205+03	f
5f1c2e42-9a89-4597-9f6e-b3249ba7d66b	a39f847b-bf47-4c15-8172-e4d3647d9561	5	500	2024-07-17 23:39:11.236501+03	f
fc35d5ff-3a07-4e9d-b982-cf8cbd218883	a39f847b-bf47-4c15-8172-e4d3647d9561	2	500	2024-07-17 23:39:11.241172+03	f
98edbfca-3e9f-4dfa-9e67-b019a7b2d458	a39f847b-bf47-4c15-8172-e4d3647d9561	2	500	2024-07-17 23:39:11.245054+03	f
4dc28fc6-8019-4fa8-8991-f7dbed87785e	8136f0b2-3c02-4816-8deb-ac78b6da641c	3	500	2024-07-17 23:39:11.251293+03	f
e0d146cd-fe95-4fb7-a50e-2d9376fe963f	8136f0b2-3c02-4816-8deb-ac78b6da641c	2	500	2024-07-17 23:39:11.255197+03	f
2101329c-f09f-4364-82b7-a6e51b81bdb0	8136f0b2-3c02-4816-8deb-ac78b6da641c	3	500	2024-07-17 23:39:11.259687+03	f
4b230189-f7c8-4add-b96b-a1a1a44bc6ad	8136f0b2-3c02-4816-8deb-ac78b6da641c	5	500	2024-07-17 23:39:11.267125+03	f
88db2071-c4ff-4a7e-9994-c648eb1d7712	8136f0b2-3c02-4816-8deb-ac78b6da641c	13	500	2024-07-17 23:39:11.283143+03	f
14ed5611-eb2e-422c-ba94-a1fb62afb19e	6414c25f-e134-4a06-9eaf-dac3a9f6b045	3	500	2024-07-17 23:40:11.050602+03	f
e638a999-6f7e-4ae6-b754-861edd2dafec	6414c25f-e134-4a06-9eaf-dac3a9f6b045	2	500	2024-07-17 23:40:11.055929+03	f
39b2a20c-4946-48af-bc69-09d1f65a4037	6414c25f-e134-4a06-9eaf-dac3a9f6b045	2	500	2024-07-17 23:40:11.060325+03	f
4c259c61-6f60-4331-8d94-6eee13533f0f	6414c25f-e134-4a06-9eaf-dac3a9f6b045	3	500	2024-07-17 23:40:11.065609+03	f
d82b9daa-6772-474a-97f1-beef7e497392	6414c25f-e134-4a06-9eaf-dac3a9f6b045	2	500	2024-07-17 23:40:11.0699+03	f
5ae10f5e-97f7-4aca-8deb-82ebd00beea3	a39f847b-bf47-4c15-8172-e4d3647d9561	2	500	2024-07-17 23:40:11.075036+03	f
3a8ff486-7919-48f1-98c6-707b76191fb4	a39f847b-bf47-4c15-8172-e4d3647d9561	2	500	2024-07-17 23:40:11.078835+03	f
4f8b8154-0a05-495d-bf41-e739a56a03e7	a39f847b-bf47-4c15-8172-e4d3647d9561	2	500	2024-07-17 23:40:11.082887+03	f
96f9bbff-9712-4ac1-a99e-688e6bce62f0	a39f847b-bf47-4c15-8172-e4d3647d9561	3	500	2024-07-17 23:40:11.087513+03	f
6b222a67-040d-43a4-ab02-ef54a955cba6	a39f847b-bf47-4c15-8172-e4d3647d9561	2	500	2024-07-17 23:40:11.090942+03	f
c8169e30-e229-4882-857f-a67b24a5dd2b	8136f0b2-3c02-4816-8deb-ac78b6da641c	2	500	2024-07-17 23:40:11.095518+03	f
c0ca6859-32e9-49e5-9e75-81748b0d7a7a	8136f0b2-3c02-4816-8deb-ac78b6da641c	2	500	2024-07-17 23:40:11.099053+03	f
5cb8b4ce-2a57-42a4-8060-26936e65a199	8136f0b2-3c02-4816-8deb-ac78b6da641c	2	500	2024-07-17 23:40:11.102455+03	f
b0c76675-b408-44a6-9dd8-88bf81502b94	8136f0b2-3c02-4816-8deb-ac78b6da641c	2	500	2024-07-17 23:40:11.105773+03	f
5608c423-2124-4cac-ab94-c3fa70b3fb8a	8136f0b2-3c02-4816-8deb-ac78b6da641c	1	500	2024-07-17 23:40:11.109126+03	f
7bcd8e45-9971-4395-b07f-88eefebaa0c2	6414c25f-e134-4a06-9eaf-dac3a9f6b045	52	500	2024-07-17 23:41:53.482631+03	f
059b7296-9de1-4122-b29e-15919a6b3483	6414c25f-e134-4a06-9eaf-dac3a9f6b045	4	500	2024-07-17 23:41:53.500029+03	f
572044f2-face-44a2-aa85-7c99bfa3eae3	6414c25f-e134-4a06-9eaf-dac3a9f6b045	5	500	2024-07-17 23:41:53.507188+03	f
d29a4e67-d42c-4ed9-85ce-628edb24cdb8	6414c25f-e134-4a06-9eaf-dac3a9f6b045	4	500	2024-07-17 23:41:53.514399+03	f
fb2f5e2a-dd6d-4ccf-86a8-f5f6fb3a21bf	6414c25f-e134-4a06-9eaf-dac3a9f6b045	4	500	2024-07-17 23:41:53.520141+03	f
eca42c9c-18ca-45d3-a145-a2f9588cb529	a39f847b-bf47-4c15-8172-e4d3647d9561	3	500	2024-07-17 23:41:53.528389+03	f
c95e405d-559c-49b3-af59-0eabd0ebc2c5	a39f847b-bf47-4c15-8172-e4d3647d9561	3	500	2024-07-17 23:41:53.534139+03	f
6a0370e3-d75e-4e5a-8793-38a648fe1a5c	a39f847b-bf47-4c15-8172-e4d3647d9561	2	500	2024-07-17 23:41:53.539939+03	f
3934c2f2-7c08-4485-90e9-6e81350c4dda	a39f847b-bf47-4c15-8172-e4d3647d9561	2	500	2024-07-17 23:41:53.544601+03	f
4b982e03-df10-43fd-bab4-0a659060ecca	a39f847b-bf47-4c15-8172-e4d3647d9561	2	500	2024-07-17 23:41:53.548618+03	f
24a7b33f-a1cd-41a9-a032-809a667d28d8	8136f0b2-3c02-4816-8deb-ac78b6da641c	2	500	2024-07-17 23:41:53.553417+03	f
10a69e3d-6b57-46ab-a3c6-1562fe6f900e	8136f0b2-3c02-4816-8deb-ac78b6da641c	2	500	2024-07-17 23:41:53.557481+03	f
7d4eac84-2e1b-44e9-b385-f2eb8b9fe858	8136f0b2-3c02-4816-8deb-ac78b6da641c	2	500	2024-07-17 23:41:53.561572+03	f
46f7cd05-cd9a-479c-b44b-10bf78230753	8136f0b2-3c02-4816-8deb-ac78b6da641c	2	500	2024-07-17 23:41:53.565359+03	f
60ecb47e-2bbf-40b5-a84c-9ab25a64f05e	8136f0b2-3c02-4816-8deb-ac78b6da641c	1	500	2024-07-17 23:41:53.568646+03	f
3833c39c-1828-4af1-b3d6-5043817d9fd1	6414c25f-e134-4a06-9eaf-dac3a9f6b045	3	500	2024-07-17 23:42:53.366895+03	f
87c1bff6-2fc7-4e90-97b2-b575e6980989	6414c25f-e134-4a06-9eaf-dac3a9f6b045	4	500	2024-07-17 23:42:53.375242+03	f
4d288292-c834-4215-821a-2f2f318addc9	6414c25f-e134-4a06-9eaf-dac3a9f6b045	2	500	2024-07-17 23:42:53.379668+03	f
b40fee58-8cf3-4003-9f96-d24452d4be48	6414c25f-e134-4a06-9eaf-dac3a9f6b045	4	500	2024-07-17 23:42:53.384965+03	f
9511543d-4bbe-4582-b049-46498510794b	6414c25f-e134-4a06-9eaf-dac3a9f6b045	2	500	2024-07-17 23:42:53.389057+03	f
3710bd2b-99c5-4c09-aa3c-70b743087fbe	a39f847b-bf47-4c15-8172-e4d3647d9561	2	500	2024-07-17 23:42:53.393491+03	f
c3623ba4-8f58-4d40-9733-1d9bca50da37	a39f847b-bf47-4c15-8172-e4d3647d9561	2	500	2024-07-17 23:42:53.397874+03	f
d3c1a8f1-2a55-4064-9591-ec551cc0b336	a39f847b-bf47-4c15-8172-e4d3647d9561	1	500	2024-07-17 23:42:53.401587+03	f
b0f781c4-82cd-4cbd-966a-6ef0408a0c21	a39f847b-bf47-4c15-8172-e4d3647d9561	3	500	2024-07-17 23:42:53.40624+03	f
247bbd6d-5ffa-49d7-b3cc-2a357618ef17	a39f847b-bf47-4c15-8172-e4d3647d9561	2	500	2024-07-17 23:42:53.410024+03	f
4cc69a33-ebed-49bf-b4ac-4d162d1ad7e5	8136f0b2-3c02-4816-8deb-ac78b6da641c	2	500	2024-07-17 23:42:53.414959+03	f
335b0f07-eada-4378-b308-9d99ebfeb69b	8136f0b2-3c02-4816-8deb-ac78b6da641c	1	500	2024-07-17 23:42:53.418444+03	f
39709724-af27-4bbc-87f2-9071b56cb426	8136f0b2-3c02-4816-8deb-ac78b6da641c	2	500	2024-07-17 23:42:53.422382+03	f
5fb50858-ecf9-4e46-b207-3c2c050d1c87	8136f0b2-3c02-4816-8deb-ac78b6da641c	2	500	2024-07-17 23:42:53.426141+03	f
8149181c-f905-4f20-b2bf-ed3dde3832f6	8136f0b2-3c02-4816-8deb-ac78b6da641c	1	500	2024-07-17 23:42:53.429683+03	f
3c38a30d-06e5-42a9-8ecd-a9bb33f670c6	6414c25f-e134-4a06-9eaf-dac3a9f6b045	39	500	2024-07-17 23:44:08.186259+03	f
23fd19b2-9403-4bff-b9bd-cad4e8e560ce	6414c25f-e134-4a06-9eaf-dac3a9f6b045	3	500	2024-07-17 23:44:08.202252+03	f
c81bd7c0-c279-4658-ba18-f6fdb64104f2	6414c25f-e134-4a06-9eaf-dac3a9f6b045	3	500	2024-07-17 23:44:08.208055+03	f
8e4e54b2-d0f8-4e98-b4d7-45dde30617db	6414c25f-e134-4a06-9eaf-dac3a9f6b045	2	500	2024-07-17 23:44:08.212343+03	f
2b87ed6d-f22c-4700-bb9f-1846551b1edc	6414c25f-e134-4a06-9eaf-dac3a9f6b045	3	500	2024-07-17 23:44:08.217416+03	f
9c57d371-028c-491b-a77a-7800b2724255	a39f847b-bf47-4c15-8172-e4d3647d9561	3	500	2024-07-17 23:44:08.224537+03	f
0a948766-e33a-490f-89fd-ffcc843c456f	a39f847b-bf47-4c15-8172-e4d3647d9561	1	500	2024-07-17 23:44:08.229071+03	f
1335c721-04b9-48c5-8756-f26f5b2b0449	a39f847b-bf47-4c15-8172-e4d3647d9561	3	500	2024-07-17 23:44:08.23446+03	f
ca57b5e6-2c47-400c-b97d-a0be3f2abde7	a39f847b-bf47-4c15-8172-e4d3647d9561	3	500	2024-07-17 23:44:08.239665+03	f
d03e5d2b-0e4d-4b02-878a-39a228acb74a	a39f847b-bf47-4c15-8172-e4d3647d9561	1	500	2024-07-17 23:44:08.243773+03	f
f9b3da1f-1709-416d-8bfc-cb86382948ba	8136f0b2-3c02-4816-8deb-ac78b6da641c	3	500	2024-07-17 23:44:08.249018+03	f
295b7ab4-af8d-4e62-b48a-b5baa2174728	8136f0b2-3c02-4816-8deb-ac78b6da641c	2	500	2024-07-17 23:44:08.253582+03	f
ebb2f3fe-2244-4d6a-a4ac-f5f90401e001	8136f0b2-3c02-4816-8deb-ac78b6da641c	3	500	2024-07-17 23:44:08.258007+03	f
9f000f48-2531-46d5-b756-e778aa4bbc82	8136f0b2-3c02-4816-8deb-ac78b6da641c	2	500	2024-07-17 23:44:08.261703+03	f
4d4c269c-b5a0-49bb-aee0-be1cdce57e3f	8136f0b2-3c02-4816-8deb-ac78b6da641c	3	500	2024-07-17 23:44:08.265779+03	f
87d03a63-efde-415f-b6dc-0123d3fe9c9b	6414c25f-e134-4a06-9eaf-dac3a9f6b045	6	500	2024-07-17 23:45:08.10172+03	f
5bb3b22d-bb1c-44d1-a271-b454f7b559a1	6414c25f-e134-4a06-9eaf-dac3a9f6b045	4	500	2024-07-17 23:45:08.114108+03	f
d7343f47-5bec-4147-8308-ece13117fb62	6414c25f-e134-4a06-9eaf-dac3a9f6b045	6	500	2024-07-17 23:45:08.123586+03	f
b052e611-fb1c-41f8-b8ab-314e941311b8	6414c25f-e134-4a06-9eaf-dac3a9f6b045	4	500	2024-07-17 23:45:08.130202+03	f
3c5bdee4-897a-4a39-9219-00ade57e94a0	6414c25f-e134-4a06-9eaf-dac3a9f6b045	4	500	2024-07-17 23:45:08.137523+03	f
08245145-8b42-4eef-ac12-3f8d1e1014a5	a39f847b-bf47-4c15-8172-e4d3647d9561	2	500	2024-07-17 23:45:08.143794+03	f
28fdb384-7a52-4116-a6be-ae4bbb785008	a39f847b-bf47-4c15-8172-e4d3647d9561	3	500	2024-07-17 23:45:08.148972+03	f
cfccb96b-c077-4b9a-8a74-d22a6b133e83	a39f847b-bf47-4c15-8172-e4d3647d9561	3	500	2024-07-17 23:45:08.154855+03	f
838f92f8-f3b1-4b14-8415-dbfdce20088e	a39f847b-bf47-4c15-8172-e4d3647d9561	3	500	2024-07-17 23:45:08.159551+03	f
613d4363-3565-415f-a24b-eb155eda3cf6	a39f847b-bf47-4c15-8172-e4d3647d9561	2	500	2024-07-17 23:45:08.163858+03	f
747e3835-e92e-4063-a233-82df9ae506a3	8136f0b2-3c02-4816-8deb-ac78b6da641c	3	500	2024-07-17 23:45:08.169495+03	f
a299296d-c874-45e0-ba41-65d932607b74	8136f0b2-3c02-4816-8deb-ac78b6da641c	2	500	2024-07-17 23:45:08.174226+03	f
e88fe4c7-4cf9-43a2-85f0-3b790351ed93	8136f0b2-3c02-4816-8deb-ac78b6da641c	2	500	2024-07-17 23:45:08.17896+03	f
479868d4-edb2-4f83-ba46-0f73af8932ef	8136f0b2-3c02-4816-8deb-ac78b6da641c	3	500	2024-07-17 23:45:08.183718+03	f
078af6c3-0ed1-4f0e-8d5e-a14c85748621	8136f0b2-3c02-4816-8deb-ac78b6da641c	3	500	2024-07-17 23:45:08.188505+03	f
70c3f3f4-c68b-432a-965f-22528125e325	6414c25f-e134-4a06-9eaf-dac3a9f6b045	5	500	2024-07-17 23:46:08.112823+03	f
2125a8e6-012d-4e77-a1de-5f543e7e3aa0	6414c25f-e134-4a06-9eaf-dac3a9f6b045	4	500	2024-07-17 23:46:08.120435+03	f
cd4a3e5d-cf9e-4574-8cac-fe54e860e698	6414c25f-e134-4a06-9eaf-dac3a9f6b045	2	500	2024-07-17 23:46:08.124709+03	f
9258de73-a5e5-46fd-8790-d21c897e14ea	6414c25f-e134-4a06-9eaf-dac3a9f6b045	2	500	2024-07-17 23:46:08.128726+03	f
bee7c875-4f2c-4448-ade8-ffd9ad29a862	6414c25f-e134-4a06-9eaf-dac3a9f6b045	2	500	2024-07-17 23:46:08.13292+03	f
189eee91-49e7-4738-a789-5e5a452e7b3c	a39f847b-bf47-4c15-8172-e4d3647d9561	2	500	2024-07-17 23:46:08.137668+03	f
6f81a12e-e655-45f1-9b3b-852b94d1561e	a39f847b-bf47-4c15-8172-e4d3647d9561	2	500	2024-07-17 23:46:08.141433+03	f
4e5a24ae-d694-4162-b31d-efee313dd571	a39f847b-bf47-4c15-8172-e4d3647d9561	3	500	2024-07-17 23:46:08.145379+03	f
ccc6c6e4-4cdb-4a79-a0d5-018e22fee43c	a39f847b-bf47-4c15-8172-e4d3647d9561	2	500	2024-07-17 23:46:08.149295+03	f
4abf7f85-2650-4fb8-80e8-a2088d90b8af	a39f847b-bf47-4c15-8172-e4d3647d9561	2	500	2024-07-17 23:46:08.152787+03	f
c7da80bb-48d2-4d1c-8524-dc8484d38c19	8136f0b2-3c02-4816-8deb-ac78b6da641c	2	500	2024-07-17 23:46:08.157509+03	f
0e943203-c4cf-4f12-b314-c77a445fa9a6	8136f0b2-3c02-4816-8deb-ac78b6da641c	1	500	2024-07-17 23:46:08.16103+03	f
83cf3996-cc22-4ca0-a018-bb75d8c31f05	8136f0b2-3c02-4816-8deb-ac78b6da641c	2	500	2024-07-17 23:46:08.164867+03	f
829658d2-641c-477b-87e0-34051a40c5ea	8136f0b2-3c02-4816-8deb-ac78b6da641c	2	500	2024-07-17 23:46:08.168759+03	f
eaec0858-2110-4f36-adc8-8086d0a314db	8136f0b2-3c02-4816-8deb-ac78b6da641c	2	500	2024-07-17 23:46:08.172668+03	f
9847ec6a-6b82-4348-81fa-30d970cedbc3	6414c25f-e134-4a06-9eaf-dac3a9f6b045	2	500	2024-07-17 23:47:08.110892+03	f
8a3664c4-0441-46a1-a808-eac159dfc40a	6414c25f-e134-4a06-9eaf-dac3a9f6b045	3	500	2024-07-17 23:47:08.116223+03	f
fd3a0e1c-f480-4f67-a0f5-dfe60f4235fd	6414c25f-e134-4a06-9eaf-dac3a9f6b045	3	500	2024-07-17 23:47:08.122133+03	f
156e0c3d-d397-428e-be41-4a0abed42e64	6414c25f-e134-4a06-9eaf-dac3a9f6b045	3	500	2024-07-17 23:47:08.12658+03	f
1f396d15-1863-449d-b985-857cabfce910	6414c25f-e134-4a06-9eaf-dac3a9f6b045	3	500	2024-07-17 23:47:08.131197+03	f
3df6c8d4-bd95-48bc-b208-6838939311a1	a39f847b-bf47-4c15-8172-e4d3647d9561	3	500	2024-07-17 23:47:08.136423+03	f
d29b6590-2876-411b-bb44-0cbf8cf7988b	a39f847b-bf47-4c15-8172-e4d3647d9561	3	500	2024-07-17 23:47:08.140405+03	f
f258e3cc-f421-4ab4-ac61-ecb605644cc0	a39f847b-bf47-4c15-8172-e4d3647d9561	4	500	2024-07-17 23:47:08.145219+03	f
cf3d2f2a-3c7e-4aeb-aec5-9078619b1652	a39f847b-bf47-4c15-8172-e4d3647d9561	2	500	2024-07-17 23:47:08.148742+03	f
da58c8bc-1987-4309-9f27-2c086f2cef26	a39f847b-bf47-4c15-8172-e4d3647d9561	3	500	2024-07-17 23:47:08.152624+03	f
c55e796f-17b7-454c-8dd5-a219001cb3a1	8136f0b2-3c02-4816-8deb-ac78b6da641c	3	500	2024-07-17 23:47:08.157767+03	f
aaa8fc3f-aee7-4381-9cf5-ff102450ea0b	8136f0b2-3c02-4816-8deb-ac78b6da641c	1	500	2024-07-17 23:47:08.161437+03	f
27e81aae-f41a-4e55-a047-d9f127672a29	8136f0b2-3c02-4816-8deb-ac78b6da641c	2	500	2024-07-17 23:47:08.164709+03	f
01895775-e538-415b-a42f-67d4db87af65	8136f0b2-3c02-4816-8deb-ac78b6da641c	2	500	2024-07-17 23:47:08.168484+03	f
70873567-8798-4910-817a-f084b83a54bb	8136f0b2-3c02-4816-8deb-ac78b6da641c	2	500	2024-07-17 23:47:08.172186+03	f
e03a2918-0de9-4e57-bbfe-5b2d935117fa	6414c25f-e134-4a06-9eaf-dac3a9f6b045	3	500	2024-07-17 23:48:08.124171+03	f
534b122e-7f19-4516-900c-967d99d246b0	6414c25f-e134-4a06-9eaf-dac3a9f6b045	2	500	2024-07-17 23:48:08.130435+03	f
739545b7-de6f-4e41-a3d5-1adbb866e4b6	6414c25f-e134-4a06-9eaf-dac3a9f6b045	3	500	2024-07-17 23:48:08.134601+03	f
9b3db418-cac5-476d-b020-df9db2e3362e	6414c25f-e134-4a06-9eaf-dac3a9f6b045	2	500	2024-07-17 23:48:08.139+03	f
128b8c25-8d54-4148-a127-86edb8a656a7	6414c25f-e134-4a06-9eaf-dac3a9f6b045	3	500	2024-07-17 23:48:08.14374+03	f
fad412de-dfb3-4be4-af07-aa8ab09ccb25	a39f847b-bf47-4c15-8172-e4d3647d9561	2	500	2024-07-17 23:48:08.14957+03	f
a7bf898f-9ba6-41cb-995c-9e808eb524cc	a39f847b-bf47-4c15-8172-e4d3647d9561	2	500	2024-07-17 23:48:08.15335+03	f
295daa00-83ff-4503-a71b-8374f88b1474	a39f847b-bf47-4c15-8172-e4d3647d9561	2	500	2024-07-17 23:48:08.15747+03	f
2da3e07a-3f43-44d2-8d78-60fe1d499c77	a39f847b-bf47-4c15-8172-e4d3647d9561	2	500	2024-07-17 23:48:08.161686+03	f
c82121ff-2fc7-42a0-a0dd-dfdfe8fbadb7	a39f847b-bf47-4c15-8172-e4d3647d9561	2	500	2024-07-17 23:48:08.165379+03	f
52edb69e-c5cf-4878-beca-54ee7f035e21	8136f0b2-3c02-4816-8deb-ac78b6da641c	2	500	2024-07-17 23:48:08.170365+03	f
7abf43ff-ca99-44c3-b1fe-9d12be7f5166	8136f0b2-3c02-4816-8deb-ac78b6da641c	2	500	2024-07-17 23:48:08.174146+03	f
a87b8a9b-0d21-4c49-b4fe-a399ad601b58	8136f0b2-3c02-4816-8deb-ac78b6da641c	3	500	2024-07-17 23:48:08.17913+03	f
a6204047-15ef-4ccb-88a7-71afb1e42dd6	8136f0b2-3c02-4816-8deb-ac78b6da641c	2	500	2024-07-17 23:48:08.183221+03	f
624e6123-d3b8-4d23-b6a2-dc6beb2796c9	8136f0b2-3c02-4816-8deb-ac78b6da641c	2	500	2024-07-17 23:48:08.187321+03	f
f33596ff-dfac-45e7-ad23-a07cd7fe39d3	6414c25f-e134-4a06-9eaf-dac3a9f6b045	3	500	2024-07-17 23:49:08.132773+03	f
21562293-b0f9-4c1f-9e07-12d62ca0d777	6414c25f-e134-4a06-9eaf-dac3a9f6b045	2	500	2024-07-17 23:49:08.138625+03	f
96e213dc-2341-4f5b-961c-99c48e6c139a	6414c25f-e134-4a06-9eaf-dac3a9f6b045	3	500	2024-07-17 23:49:08.143593+03	f
d18c67cc-4bd1-4687-af02-e2505a3a5fb9	6414c25f-e134-4a06-9eaf-dac3a9f6b045	4	500	2024-07-17 23:49:08.149269+03	f
b8bbeb42-e4cc-4357-ba88-5ae57ab5917c	6414c25f-e134-4a06-9eaf-dac3a9f6b045	3	500	2024-07-17 23:49:08.155503+03	f
0f52d924-8e46-48db-9cf5-12f8969bcc31	a39f847b-bf47-4c15-8172-e4d3647d9561	4	500	2024-07-17 23:49:08.165117+03	f
90d009ba-ec76-4a3f-aeb3-16fbc11c0b00	a39f847b-bf47-4c15-8172-e4d3647d9561	4	500	2024-07-17 23:49:08.171068+03	f
8341cb2c-c0b3-463a-86c1-0451250539a4	a39f847b-bf47-4c15-8172-e4d3647d9561	6	500	2024-07-17 23:49:08.17964+03	f
10b350c1-d5e4-415f-941f-5a7a80a8d2e4	a39f847b-bf47-4c15-8172-e4d3647d9561	4	500	2024-07-17 23:49:08.186313+03	f
21b95bcf-ec49-4558-8d6f-d0fcb2b6e592	a39f847b-bf47-4c15-8172-e4d3647d9561	4	500	2024-07-17 23:49:08.192199+03	f
4a96c12d-93b9-4569-b27b-0aa6be8b0dd7	8136f0b2-3c02-4816-8deb-ac78b6da641c	6	500	2024-07-17 23:49:08.2021+03	f
e1582f85-8af1-4136-afed-65e2c72f8168	8136f0b2-3c02-4816-8deb-ac78b6da641c	4	500	2024-07-17 23:49:08.20836+03	f
0b3fd3b7-05d3-410a-901b-12ddc8801baf	8136f0b2-3c02-4816-8deb-ac78b6da641c	4	500	2024-07-17 23:49:08.215083+03	f
6187a9e6-44d3-4776-ba00-d472ebfac047	8136f0b2-3c02-4816-8deb-ac78b6da641c	10	500	2024-07-17 23:49:08.227747+03	f
a13a4589-62d9-47b4-a21e-c36d0a1690b5	8136f0b2-3c02-4816-8deb-ac78b6da641c	3	500	2024-07-17 23:49:08.233435+03	f
606cff27-a18a-4181-abe1-74cd410fab45	6414c25f-e134-4a06-9eaf-dac3a9f6b045	3	500	2024-07-17 23:50:08.14108+03	f
f89ffb5b-f8e1-4a0b-a1d9-edf9d32f7282	6414c25f-e134-4a06-9eaf-dac3a9f6b045	2	500	2024-07-17 23:50:08.147959+03	f
914f27d8-7ce7-471d-bbd9-77b2f43ab570	6414c25f-e134-4a06-9eaf-dac3a9f6b045	2	500	2024-07-17 23:50:08.152342+03	f
7383814f-cf92-4b96-a230-f8102b9dcd52	6414c25f-e134-4a06-9eaf-dac3a9f6b045	2	500	2024-07-17 23:50:08.156549+03	f
33d49739-6d74-41b1-978b-4f797ff15bb2	6414c25f-e134-4a06-9eaf-dac3a9f6b045	2	500	2024-07-17 23:50:08.160458+03	f
c335e4fa-aabc-4fb4-a1e7-c3945efb5752	a39f847b-bf47-4c15-8172-e4d3647d9561	2	500	2024-07-17 23:50:08.165428+03	f
f1113237-136f-48b4-9871-9133a595586c	a39f847b-bf47-4c15-8172-e4d3647d9561	2	500	2024-07-17 23:50:08.169916+03	f
baf73a6d-63ee-45b2-ac73-376da5e1e65b	a39f847b-bf47-4c15-8172-e4d3647d9561	2	500	2024-07-17 23:50:08.174109+03	f
baa31aa5-ff70-4729-be5a-43c9f424d8ff	a39f847b-bf47-4c15-8172-e4d3647d9561	2	500	2024-07-17 23:50:08.17815+03	f
2bf6efa4-fa63-4354-b110-41ec87751fc0	a39f847b-bf47-4c15-8172-e4d3647d9561	2	500	2024-07-17 23:50:08.182475+03	f
22b3086f-147a-4c42-be38-c63f4e6ddef0	8136f0b2-3c02-4816-8deb-ac78b6da641c	3	500	2024-07-17 23:50:08.188934+03	f
3d24d1d4-c887-4552-a4f9-46f0bf0b57d0	8136f0b2-3c02-4816-8deb-ac78b6da641c	2	500	2024-07-17 23:50:08.19439+03	f
b0d35007-bc3d-4d5c-8de8-1ab6133af15e	8136f0b2-3c02-4816-8deb-ac78b6da641c	3	500	2024-07-17 23:50:08.200026+03	f
ea37ebd6-4094-46c2-8e13-2493e5e2763f	8136f0b2-3c02-4816-8deb-ac78b6da641c	2	500	2024-07-17 23:50:08.204382+03	f
bf90fbe6-4a08-476e-af1d-2ce98bba904f	8136f0b2-3c02-4816-8deb-ac78b6da641c	2	500	2024-07-17 23:50:08.208328+03	f
045e35b0-7ddf-419b-9119-6ddbad770e6b	6414c25f-e134-4a06-9eaf-dac3a9f6b045	2	500	2024-07-17 23:51:08.144903+03	f
948b434d-5206-4272-9587-b339b8b25fdd	6414c25f-e134-4a06-9eaf-dac3a9f6b045	2	500	2024-07-17 23:51:08.15041+03	f
944b6064-d7bd-41fb-9217-8f2233443d76	6414c25f-e134-4a06-9eaf-dac3a9f6b045	2	500	2024-07-17 23:51:08.154616+03	f
43c0d413-e9e2-4464-b06d-9590975e0dac	6414c25f-e134-4a06-9eaf-dac3a9f6b045	2	500	2024-07-17 23:51:08.158906+03	f
095efa79-ece0-41d3-9910-b5ed30e5d0b0	6414c25f-e134-4a06-9eaf-dac3a9f6b045	2	500	2024-07-17 23:51:08.1626+03	f
289e3d4b-0b46-4a38-a809-376312e90f28	a39f847b-bf47-4c15-8172-e4d3647d9561	1	500	2024-07-17 23:51:08.167143+03	f
7ee675c8-cb00-4c29-9044-ca13cc22366b	a39f847b-bf47-4c15-8172-e4d3647d9561	2	500	2024-07-17 23:51:08.171203+03	f
7c73f6c4-49f5-4b12-a45d-9987cf66f6a5	a39f847b-bf47-4c15-8172-e4d3647d9561	1	500	2024-07-17 23:51:08.175092+03	f
1e784454-b422-41d1-968f-c34aac38963c	a39f847b-bf47-4c15-8172-e4d3647d9561	2	500	2024-07-17 23:51:08.178615+03	f
269b16f1-7b23-43a5-bcef-20060e322c74	a39f847b-bf47-4c15-8172-e4d3647d9561	2	500	2024-07-17 23:51:08.182809+03	f
6500485f-6049-4879-bb11-d0841d5e9321	8136f0b2-3c02-4816-8deb-ac78b6da641c	2	500	2024-07-17 23:51:08.187357+03	f
6d394a8f-53bb-4663-b5c5-c4238a49c268	8136f0b2-3c02-4816-8deb-ac78b6da641c	1	500	2024-07-17 23:51:08.190953+03	f
25cba611-6fee-4518-a2fc-0d98663e3e38	8136f0b2-3c02-4816-8deb-ac78b6da641c	2	500	2024-07-17 23:51:08.194511+03	f
ee82856a-4409-46f7-9568-8af5134c5548	8136f0b2-3c02-4816-8deb-ac78b6da641c	2	500	2024-07-17 23:51:08.197849+03	f
49a42acf-3a9e-4a43-a712-a65a5acbf99f	8136f0b2-3c02-4816-8deb-ac78b6da641c	2	500	2024-07-17 23:51:08.201312+03	f
7d4e440e-b9f6-4a7a-bcee-6260debf01f8	6414c25f-e134-4a06-9eaf-dac3a9f6b045	3	500	2024-07-17 23:52:08.146206+03	f
9fcac828-cb35-41a2-86fc-a7ea41d64781	6414c25f-e134-4a06-9eaf-dac3a9f6b045	2	500	2024-07-17 23:52:08.151809+03	f
a5694719-0e15-4e1a-8782-285fa2bb3780	6414c25f-e134-4a06-9eaf-dac3a9f6b045	2	500	2024-07-17 23:52:08.156111+03	f
c6c06855-f472-4e33-b1fb-e5c4b5842ec6	6414c25f-e134-4a06-9eaf-dac3a9f6b045	2	500	2024-07-17 23:52:08.160122+03	f
7b6fa3fd-c92c-4c68-877f-b2e3684c1f20	6414c25f-e134-4a06-9eaf-dac3a9f6b045	2	500	2024-07-17 23:52:08.164857+03	f
3bb908d1-ca2d-4e8e-b696-62bc01745990	a39f847b-bf47-4c15-8172-e4d3647d9561	2	500	2024-07-17 23:52:08.169679+03	f
9e38ccd5-2f2b-41c7-b69f-94ad45c006ca	a39f847b-bf47-4c15-8172-e4d3647d9561	2	500	2024-07-17 23:52:08.173687+03	f
17c213e1-aa12-4d76-9e2a-19ed635a0a2a	a39f847b-bf47-4c15-8172-e4d3647d9561	2	500	2024-07-17 23:52:08.177797+03	f
f0e57209-d9ca-47f9-b880-e61988782536	a39f847b-bf47-4c15-8172-e4d3647d9561	4	500	2024-07-17 23:52:08.183656+03	f
cd94a603-fc43-4527-bae7-2c3195d0fe03	a39f847b-bf47-4c15-8172-e4d3647d9561	2	500	2024-07-17 23:52:08.187396+03	f
2e8a04aa-4452-47f5-aa72-500f526cbb78	8136f0b2-3c02-4816-8deb-ac78b6da641c	2	500	2024-07-17 23:52:08.192094+03	f
76df519d-5d58-4659-a65a-24cfa5d0d205	8136f0b2-3c02-4816-8deb-ac78b6da641c	1	500	2024-07-17 23:52:08.195925+03	f
bfa8ce77-60e1-4cc1-aac4-d32c9f3182f3	8136f0b2-3c02-4816-8deb-ac78b6da641c	1	500	2024-07-17 23:52:08.199779+03	f
372feedb-3e26-4c7e-9446-24b28aed9009	8136f0b2-3c02-4816-8deb-ac78b6da641c	2	500	2024-07-17 23:52:08.203086+03	f
ccc16905-b18c-4314-9fe9-ebcb39e11e4a	8136f0b2-3c02-4816-8deb-ac78b6da641c	1	500	2024-07-17 23:52:08.207002+03	f
c9816125-5c9f-4465-a89e-cbc8d9e894ac	6414c25f-e134-4a06-9eaf-dac3a9f6b045	41	500	2024-07-17 23:54:19.807188+03	f
1d4529c2-10a5-4c02-943d-58994f3a6638	6414c25f-e134-4a06-9eaf-dac3a9f6b045	4	500	2024-07-17 23:54:19.825005+03	f
98e7d51c-b5d7-4b70-8b3c-c898a06befb8	6414c25f-e134-4a06-9eaf-dac3a9f6b045	3	500	2024-07-17 23:54:19.829659+03	f
19b3c252-682e-45ac-a940-a61bccac974b	6414c25f-e134-4a06-9eaf-dac3a9f6b045	4	500	2024-07-17 23:54:19.83576+03	f
ffd34883-6d77-42e1-8117-5245f202f576	6414c25f-e134-4a06-9eaf-dac3a9f6b045	4	500	2024-07-17 23:54:19.841956+03	f
b3a1996e-7432-4120-b6e0-b29a2b4db24d	a39f847b-bf47-4c15-8172-e4d3647d9561	3	500	2024-07-17 23:54:19.848908+03	f
1f174d27-2a43-4815-96b8-d376cb25b443	a39f847b-bf47-4c15-8172-e4d3647d9561	3	500	2024-07-17 23:54:19.854217+03	f
78c18a0a-8deb-484c-990c-2371ed9d0a25	a39f847b-bf47-4c15-8172-e4d3647d9561	2	500	2024-07-17 23:54:19.85842+03	f
3c97545a-10ff-4ea0-b8af-f1e9c24911db	a39f847b-bf47-4c15-8172-e4d3647d9561	3	500	2024-07-17 23:54:19.862629+03	f
c4fd24a8-1dd8-4fc6-bdda-5659a1875e68	a39f847b-bf47-4c15-8172-e4d3647d9561	2	500	2024-07-17 23:54:19.866247+03	f
497091a2-a7e3-4fda-ba2b-4240fcd86d9e	8136f0b2-3c02-4816-8deb-ac78b6da641c	1	500	2024-07-17 23:54:19.8702+03	f
8050b668-e277-43b4-9f49-8f080b944ea2	8136f0b2-3c02-4816-8deb-ac78b6da641c	2	500	2024-07-17 23:54:19.873698+03	f
78a80d6a-8c4f-4b61-bb8e-e1dfcf2a37b9	8136f0b2-3c02-4816-8deb-ac78b6da641c	3	500	2024-07-17 23:54:19.877862+03	f
1af0a964-0adc-4903-b6bf-a2feb7c107a1	8136f0b2-3c02-4816-8deb-ac78b6da641c	2	500	2024-07-17 23:54:19.881484+03	f
0186538c-ab38-4015-8027-9f838d6674e0	8136f0b2-3c02-4816-8deb-ac78b6da641c	2	500	2024-07-17 23:54:19.884913+03	f
9555d8f8-e6fc-4ff1-bfce-4d871b58dfd5	6414c25f-e134-4a06-9eaf-dac3a9f6b045	2	500	2024-07-17 23:55:19.69769+03	f
88c9b6ac-436e-4a68-9641-bbf526a38995	6414c25f-e134-4a06-9eaf-dac3a9f6b045	2	500	2024-07-17 23:55:19.703114+03	f
a19af59b-6a24-4f24-9850-f4d32cd1f3b2	6414c25f-e134-4a06-9eaf-dac3a9f6b045	3	500	2024-07-17 23:55:19.70996+03	f
ae3ccbef-bdfe-4d2d-b30b-3ce910d43ce9	6414c25f-e134-4a06-9eaf-dac3a9f6b045	3	500	2024-07-17 23:55:19.715243+03	f
3b07bac4-05f8-49fd-8cb4-54d4c35fd7c6	6414c25f-e134-4a06-9eaf-dac3a9f6b045	2	500	2024-07-17 23:55:19.718876+03	f
dfbb808e-ee52-4ddd-829c-00f80b5edb5a	a39f847b-bf47-4c15-8172-e4d3647d9561	2	500	2024-07-17 23:55:19.723544+03	f
70c11fe6-577e-4f7c-995f-ed36f37c1f4b	a39f847b-bf47-4c15-8172-e4d3647d9561	2	500	2024-07-17 23:55:19.727903+03	f
7fb96fb5-a9e8-4d93-95c3-543534416499	a39f847b-bf47-4c15-8172-e4d3647d9561	2	500	2024-07-17 23:55:19.73183+03	f
f809997b-69d6-4265-b985-88891eefda6a	a39f847b-bf47-4c15-8172-e4d3647d9561	3	500	2024-07-17 23:55:19.7369+03	f
43b317b8-ae97-4e02-bf3a-d645bbcbed37	a39f847b-bf47-4c15-8172-e4d3647d9561	3	500	2024-07-17 23:55:19.742261+03	f
a98dfa70-1c06-4392-b308-cfd52d892f45	8136f0b2-3c02-4816-8deb-ac78b6da641c	3	500	2024-07-17 23:55:19.748994+03	f
da59fcaa-82ea-40ce-971e-b97d693b09ee	8136f0b2-3c02-4816-8deb-ac78b6da641c	2	500	2024-07-17 23:55:19.753925+03	f
952f2581-a1d7-4def-99f4-5a04a6250533	8136f0b2-3c02-4816-8deb-ac78b6da641c	3	500	2024-07-17 23:55:19.759488+03	f
2579ed76-416e-4936-a08e-c7c44532e8ca	8136f0b2-3c02-4816-8deb-ac78b6da641c	2	500	2024-07-17 23:55:19.763534+03	f
d5f34976-9bb4-41e6-ac96-3872199b8cbc	8136f0b2-3c02-4816-8deb-ac78b6da641c	3	500	2024-07-17 23:55:19.768249+03	f
bace575e-0427-4e78-942d-fd6b12b8c75b	6414c25f-e134-4a06-9eaf-dac3a9f6b045	4	500	2024-07-17 23:56:19.718736+03	f
dc604654-cb80-4629-85be-4d3e58a9dccb	6414c25f-e134-4a06-9eaf-dac3a9f6b045	2	500	2024-07-17 23:56:19.723508+03	f
42b8fc48-c040-4a31-a335-eaf80911c73e	6414c25f-e134-4a06-9eaf-dac3a9f6b045	2	500	2024-07-17 23:56:19.727741+03	f
b9002eb4-b037-48b6-b373-e491be8cdc50	6414c25f-e134-4a06-9eaf-dac3a9f6b045	3	500	2024-07-17 23:56:19.731941+03	f
bf77608a-d96f-4879-b7e5-1a3dfb0e1128	6414c25f-e134-4a06-9eaf-dac3a9f6b045	2	500	2024-07-17 23:56:19.735252+03	f
708265e3-944c-440f-9882-a63b965b9f48	a39f847b-bf47-4c15-8172-e4d3647d9561	2	500	2024-07-17 23:56:19.739994+03	f
e52714be-cf48-4342-90ff-40e6c6a52d7d	a39f847b-bf47-4c15-8172-e4d3647d9561	2	500	2024-07-17 23:56:19.743944+03	f
c096e5c8-4f91-4797-b9fa-65d540135270	a39f847b-bf47-4c15-8172-e4d3647d9561	2	500	2024-07-17 23:56:19.746916+03	f
c88a8230-f94c-4b07-b39d-b0d89fdbcbaf	a39f847b-bf47-4c15-8172-e4d3647d9561	2	500	2024-07-17 23:56:19.7503+03	f
e623e732-2faf-4e9e-b47f-7755cc50ee28	a39f847b-bf47-4c15-8172-e4d3647d9561	1	500	2024-07-17 23:56:19.753672+03	f
97b3c753-02b3-431d-bb10-56e31e895980	8136f0b2-3c02-4816-8deb-ac78b6da641c	1	500	2024-07-17 23:56:19.757711+03	f
949a9d25-5390-4faa-afc1-482c985636c1	8136f0b2-3c02-4816-8deb-ac78b6da641c	2	500	2024-07-17 23:56:19.760721+03	f
042d8c93-d22d-4b77-88fe-d2e6a8b120f7	8136f0b2-3c02-4816-8deb-ac78b6da641c	3	500	2024-07-17 23:56:19.765099+03	f
b770f438-18ef-4e48-bc55-7d3fce433900	8136f0b2-3c02-4816-8deb-ac78b6da641c	2	500	2024-07-17 23:56:19.768103+03	f
35120e32-9f4b-462c-971c-3b29addf1593	8136f0b2-3c02-4816-8deb-ac78b6da641c	2	500	2024-07-17 23:56:19.77119+03	f
0412e455-f417-4f09-8389-dc3fe9749c25	6414c25f-e134-4a06-9eaf-dac3a9f6b045	4	500	2024-07-17 23:57:19.717369+03	f
6976821f-5d90-446a-87e2-ad86b4c89859	6414c25f-e134-4a06-9eaf-dac3a9f6b045	2	500	2024-07-17 23:57:19.724573+03	f
f4f0660b-fc18-4b04-b30f-43f871f61f26	6414c25f-e134-4a06-9eaf-dac3a9f6b045	2	500	2024-07-17 23:57:19.72807+03	f
89210327-5656-4350-9a47-c8241a434eef	6414c25f-e134-4a06-9eaf-dac3a9f6b045	1	500	2024-07-17 23:57:19.731441+03	f
9e683000-8490-422d-843c-6b03ee304012	6414c25f-e134-4a06-9eaf-dac3a9f6b045	2	500	2024-07-17 23:57:19.735411+03	f
4ff6810d-1a27-43b1-8f6f-f38da1906802	a39f847b-bf47-4c15-8172-e4d3647d9561	1	500	2024-07-17 23:57:19.739563+03	f
9286fb8a-6659-44f7-abae-ae69e8643149	a39f847b-bf47-4c15-8172-e4d3647d9561	2	500	2024-07-17 23:57:19.743078+03	f
ffb720a6-6855-4cf2-bef9-d59ecba053cf	a39f847b-bf47-4c15-8172-e4d3647d9561	3	500	2024-07-17 23:57:19.746938+03	f
e8399c8f-5e2e-44f9-ba8f-231397d03517	a39f847b-bf47-4c15-8172-e4d3647d9561	2	500	2024-07-17 23:57:19.750384+03	f
a3564a4c-5553-40fc-a1a8-c3103a50edc1	a39f847b-bf47-4c15-8172-e4d3647d9561	2	500	2024-07-17 23:57:19.753734+03	f
6aa290fd-bb5a-4cb2-a706-8831f622811a	8136f0b2-3c02-4816-8deb-ac78b6da641c	1	500	2024-07-17 23:57:19.757663+03	f
a1b4afa8-1661-47f9-aa1d-3668b09d170c	8136f0b2-3c02-4816-8deb-ac78b6da641c	2	500	2024-07-17 23:57:19.760854+03	f
921f2e5c-1bef-4569-87f8-4ef2aaaeaff4	8136f0b2-3c02-4816-8deb-ac78b6da641c	2	500	2024-07-17 23:57:19.764156+03	f
e9e99cf7-da86-4453-b4d0-19aaca767999	8136f0b2-3c02-4816-8deb-ac78b6da641c	2	500	2024-07-17 23:57:19.767427+03	f
096b1a6c-8fff-4098-83f0-27f41bb20cc6	8136f0b2-3c02-4816-8deb-ac78b6da641c	1	500	2024-07-17 23:57:19.770464+03	f
850f28f6-03dd-4867-9696-8b6ae0fe3fce	6414c25f-e134-4a06-9eaf-dac3a9f6b045	2	500	2024-07-17 23:58:19.724316+03	f
dee58d46-2e9d-4822-b797-86832189155b	6414c25f-e134-4a06-9eaf-dac3a9f6b045	2	500	2024-07-17 23:58:19.729694+03	f
b7ef7068-e72f-4b1f-9aaf-ef426741e879	6414c25f-e134-4a06-9eaf-dac3a9f6b045	2	500	2024-07-17 23:58:19.733662+03	f
6386201b-fb5a-4b2b-8cd2-a0e5c8415dba	6414c25f-e134-4a06-9eaf-dac3a9f6b045	2	500	2024-07-17 23:58:19.738131+03	f
d74e4989-6b12-4cf1-96cf-47327d7225be	6414c25f-e134-4a06-9eaf-dac3a9f6b045	2	500	2024-07-17 23:58:19.741693+03	f
de141ecc-3809-4972-9928-890ffef11170	a39f847b-bf47-4c15-8172-e4d3647d9561	1	500	2024-07-17 23:58:19.746357+03	f
1f3c49fa-4d1e-4acd-9bca-5e781b2dc35b	a39f847b-bf47-4c15-8172-e4d3647d9561	2	500	2024-07-17 23:58:19.750645+03	f
a728b2df-0fd4-4edb-963b-e2feee8bb98c	a39f847b-bf47-4c15-8172-e4d3647d9561	2	500	2024-07-17 23:58:19.754189+03	f
25aa1163-52d7-48e1-b2d7-a8750bc7d275	a39f847b-bf47-4c15-8172-e4d3647d9561	1	500	2024-07-17 23:58:19.757393+03	f
7357d6bb-2034-454b-b9c6-6336d6d1f959	a39f847b-bf47-4c15-8172-e4d3647d9561	1	500	2024-07-17 23:58:19.760524+03	f
bcd69c31-dd99-486a-a0ca-9b682b5cc860	8136f0b2-3c02-4816-8deb-ac78b6da641c	1	500	2024-07-17 23:58:19.764824+03	f
06ae5d51-391a-4576-9ae9-3ced2b50f05e	8136f0b2-3c02-4816-8deb-ac78b6da641c	2	500	2024-07-17 23:58:19.76934+03	f
5f70e7b7-8747-434a-9b75-ee89518b7173	8136f0b2-3c02-4816-8deb-ac78b6da641c	2	500	2024-07-17 23:58:19.772921+03	f
aff8a315-ee93-49a8-8361-e0a3a54602d7	8136f0b2-3c02-4816-8deb-ac78b6da641c	2	500	2024-07-17 23:58:19.775975+03	f
77eda11b-6eef-4123-a5df-78dae4614e7a	8136f0b2-3c02-4816-8deb-ac78b6da641c	2	500	2024-07-17 23:58:19.778992+03	f
71d5a204-f831-4334-b900-f2bfa33c5ace	6414c25f-e134-4a06-9eaf-dac3a9f6b045	2	500	2024-07-17 23:59:19.730624+03	f
f5f342fa-745e-4eb0-9ae0-d6d379d56151	6414c25f-e134-4a06-9eaf-dac3a9f6b045	2	500	2024-07-17 23:59:19.735987+03	f
07846c95-af98-4edb-a55b-a35bd02dee4b	6414c25f-e134-4a06-9eaf-dac3a9f6b045	2	500	2024-07-17 23:59:19.74066+03	f
04af1eb9-860a-450b-80b5-7cb1a71ff997	6414c25f-e134-4a06-9eaf-dac3a9f6b045	4	500	2024-07-17 23:59:19.746471+03	f
de10a9df-ca7c-4712-9553-b42bc8afa4ed	6414c25f-e134-4a06-9eaf-dac3a9f6b045	3	500	2024-07-17 23:59:19.751176+03	f
edf70736-3b5b-47e4-a54d-d00b004fb749	a39f847b-bf47-4c15-8172-e4d3647d9561	3	500	2024-07-17 23:59:19.758092+03	f
216a0c90-f106-4cc4-ad4a-43150b28c34f	a39f847b-bf47-4c15-8172-e4d3647d9561	3	500	2024-07-17 23:59:19.763536+03	f
6e34caac-ecec-4168-b73c-770419597c19	a39f847b-bf47-4c15-8172-e4d3647d9561	5	500	2024-07-17 23:59:19.770762+03	f
da56066a-0cf3-47de-8b82-b43421254156	a39f847b-bf47-4c15-8172-e4d3647d9561	3	500	2024-07-17 23:59:19.775982+03	f
69b0c7d4-6358-431e-82bf-efadc14af924	a39f847b-bf47-4c15-8172-e4d3647d9561	3	500	2024-07-17 23:59:19.781516+03	f
2a1db9b9-a0ad-455d-a381-ce7544de4bc3	8136f0b2-3c02-4816-8deb-ac78b6da641c	5	500	2024-07-17 23:59:19.789098+03	f
48e02e1e-21f4-439f-8df5-cdffcd59befd	8136f0b2-3c02-4816-8deb-ac78b6da641c	2	500	2024-07-17 23:59:19.795116+03	f
ddf7b595-283e-4541-8552-8aa8b7d0edf3	8136f0b2-3c02-4816-8deb-ac78b6da641c	2	500	2024-07-17 23:59:19.799913+03	f
51e6831a-58e3-4f14-9bb4-9e26429f7834	8136f0b2-3c02-4816-8deb-ac78b6da641c	3	500	2024-07-17 23:59:19.805873+03	f
7f60844e-a19a-4989-8538-bef78727380b	8136f0b2-3c02-4816-8deb-ac78b6da641c	2	500	2024-07-17 23:59:19.809868+03	f
ac62cc47-c1d8-4ce3-9998-626b29658c33	6414c25f-e134-4a06-9eaf-dac3a9f6b045	2	500	2024-07-18 00:00:19.740088+03	f
404e6332-1211-4ce0-82e9-db77c94b3b10	6414c25f-e134-4a06-9eaf-dac3a9f6b045	2	500	2024-07-18 00:00:19.74475+03	f
aaef0cad-bcb8-4fc9-8b4c-5feed1d83bbb	6414c25f-e134-4a06-9eaf-dac3a9f6b045	2	500	2024-07-18 00:00:19.748276+03	f
e7913715-db37-4712-ba75-759cb3759529	6414c25f-e134-4a06-9eaf-dac3a9f6b045	1	500	2024-07-18 00:00:19.751722+03	f
6b17ba09-4fc6-40e2-a067-5591868d5ab4	6414c25f-e134-4a06-9eaf-dac3a9f6b045	2	500	2024-07-18 00:00:19.755688+03	f
e01a3500-561b-4f93-8463-b2b3c01f70cd	a39f847b-bf47-4c15-8172-e4d3647d9561	2	500	2024-07-18 00:00:19.760441+03	f
3e5d3810-60e0-479d-9e8f-3ed2c7372551	a39f847b-bf47-4c15-8172-e4d3647d9561	2	500	2024-07-18 00:00:19.76418+03	f
5c5663e5-365c-4dfd-9e0c-26982270a109	a39f847b-bf47-4c15-8172-e4d3647d9561	2	500	2024-07-18 00:00:19.768114+03	f
bc3a6260-e3a6-432c-92cb-89d4900dfe22	a39f847b-bf47-4c15-8172-e4d3647d9561	1	500	2024-07-18 00:00:19.771481+03	f
2727ee03-fb9d-4f65-b361-7dcb9f7f0a14	a39f847b-bf47-4c15-8172-e4d3647d9561	1	500	2024-07-18 00:00:19.77528+03	f
4d7ef2f0-1817-48bb-979f-b563fc61237c	8136f0b2-3c02-4816-8deb-ac78b6da641c	2	500	2024-07-18 00:00:19.779572+03	f
8d8c9c44-8bd6-431d-83ed-0ce8c3685b13	8136f0b2-3c02-4816-8deb-ac78b6da641c	2	500	2024-07-18 00:00:19.783304+03	f
c0c93115-2cb3-401f-9789-0c8dae640aea	8136f0b2-3c02-4816-8deb-ac78b6da641c	2	500	2024-07-18 00:00:19.786941+03	f
2ae66b04-dccb-428c-9b81-fb9931635069	8136f0b2-3c02-4816-8deb-ac78b6da641c	2	500	2024-07-18 00:00:19.790539+03	f
23340a86-b96c-4252-bf81-3db6080baf21	8136f0b2-3c02-4816-8deb-ac78b6da641c	2	500	2024-07-18 00:00:19.794221+03	f
271832b3-41f9-4cb6-b362-27022ba642a4	6414c25f-e134-4a06-9eaf-dac3a9f6b045	2	500	2024-07-18 00:01:19.752478+03	f
a979226e-0eea-49d0-82bb-d777e3053288	6414c25f-e134-4a06-9eaf-dac3a9f6b045	2	500	2024-07-18 00:01:19.758485+03	f
931cf209-d660-4181-a1af-9039b59399c6	6414c25f-e134-4a06-9eaf-dac3a9f6b045	2	500	2024-07-18 00:01:19.762375+03	f
8b4a086a-a8f0-48a5-8031-dc46c43a02b6	6414c25f-e134-4a06-9eaf-dac3a9f6b045	2	500	2024-07-18 00:01:19.766072+03	f
4d24210c-b597-43c3-aea8-4063b74697e1	6414c25f-e134-4a06-9eaf-dac3a9f6b045	2	500	2024-07-18 00:01:19.769977+03	f
57c42709-496c-4f2b-89fe-35fa43a3d2fc	a39f847b-bf47-4c15-8172-e4d3647d9561	3	500	2024-07-18 00:01:19.774924+03	f
ff484ca5-51ff-4f5b-b21d-efae11d956f3	a39f847b-bf47-4c15-8172-e4d3647d9561	2	500	2024-07-18 00:01:19.778043+03	f
3d093c2c-9b7d-4918-b24f-a88378547ab0	a39f847b-bf47-4c15-8172-e4d3647d9561	2	500	2024-07-18 00:01:19.781554+03	f
b8960358-a53c-4087-b82b-f7f0599fb8d1	a39f847b-bf47-4c15-8172-e4d3647d9561	1	500	2024-07-18 00:01:19.784476+03	f
161ce200-8242-4b02-a6bc-b25e83eb0756	a39f847b-bf47-4c15-8172-e4d3647d9561	1	500	2024-07-18 00:01:19.787589+03	f
bab771ed-4af6-44b2-be29-5b43fb775bac	8136f0b2-3c02-4816-8deb-ac78b6da641c	2	500	2024-07-18 00:01:19.791467+03	f
ce0db1e3-b6b6-483d-84e4-a20e8b8c93cb	8136f0b2-3c02-4816-8deb-ac78b6da641c	1	500	2024-07-18 00:01:19.794319+03	f
2c0fca7f-8684-4c28-bafd-7328d6b4bc99	8136f0b2-3c02-4816-8deb-ac78b6da641c	2	500	2024-07-18 00:01:19.799083+03	f
cc074a5f-fa2a-4b96-99cf-bb42d6c7476b	8136f0b2-3c02-4816-8deb-ac78b6da641c	3	500	2024-07-18 00:01:19.803416+03	f
2ab1263d-99c0-4af7-ba22-fb5a53006ee3	8136f0b2-3c02-4816-8deb-ac78b6da641c	2	500	2024-07-18 00:01:19.807051+03	f
d23d8d05-cc5b-4783-be84-2ae90ed93e36	6414c25f-e134-4a06-9eaf-dac3a9f6b045	2	500	2024-07-18 00:02:19.763026+03	f
1f5eadee-fbce-4310-8390-24557cc855c6	6414c25f-e134-4a06-9eaf-dac3a9f6b045	2	500	2024-07-18 00:02:19.768188+03	f
42827688-2402-45d9-9038-2c087b926a3f	6414c25f-e134-4a06-9eaf-dac3a9f6b045	1	500	2024-07-18 00:02:19.771466+03	f
119f37c5-e64d-42b6-92e5-3ed517364975	6414c25f-e134-4a06-9eaf-dac3a9f6b045	2	500	2024-07-18 00:02:19.774926+03	f
a2fd8321-ea81-4fe6-ab1b-90f5db31ff26	6414c25f-e134-4a06-9eaf-dac3a9f6b045	2	500	2024-07-18 00:02:19.778888+03	f
ec3562c6-4857-4e2e-ba02-b60ad4e6cc33	a39f847b-bf47-4c15-8172-e4d3647d9561	2	500	2024-07-18 00:02:19.78265+03	f
f19acb4f-72a1-49c2-bb20-2f172853fa17	a39f847b-bf47-4c15-8172-e4d3647d9561	2	500	2024-07-18 00:02:19.785957+03	f
8a8c03df-f497-49a4-b867-94e283159c60	a39f847b-bf47-4c15-8172-e4d3647d9561	2	500	2024-07-18 00:02:19.788954+03	f
5145f060-b110-4ded-85d1-09ba6d3c075e	a39f847b-bf47-4c15-8172-e4d3647d9561	1	500	2024-07-18 00:02:19.792136+03	f
56eebf97-1cf6-4228-ae5d-62aa3fe2583d	a39f847b-bf47-4c15-8172-e4d3647d9561	1	500	2024-07-18 00:02:19.795261+03	f
b6e0334b-ad04-4e80-8e93-778fa8e1321d	8136f0b2-3c02-4816-8deb-ac78b6da641c	2	500	2024-07-18 00:02:19.798914+03	f
f51ca8ec-ce4d-415e-992e-2f137706e26c	8136f0b2-3c02-4816-8deb-ac78b6da641c	2	500	2024-07-18 00:02:19.801912+03	f
aea1dea1-f638-4681-9da3-0e6e757d4fe9	8136f0b2-3c02-4816-8deb-ac78b6da641c	2	500	2024-07-18 00:02:19.805162+03	f
dc3c4155-a3cf-48fc-9836-1ea6ed80efd0	8136f0b2-3c02-4816-8deb-ac78b6da641c	2	500	2024-07-18 00:02:19.808725+03	f
d9f7ff4e-fdbd-4698-9cb9-9d938f87b1e9	8136f0b2-3c02-4816-8deb-ac78b6da641c	2	500	2024-07-18 00:02:19.812451+03	f
0aef141f-ba2e-4d29-9f98-16680321d837	6414c25f-e134-4a06-9eaf-dac3a9f6b045	2	500	2024-07-18 00:03:19.774034+03	f
58079415-64e6-4e61-be1a-fcab6448817c	6414c25f-e134-4a06-9eaf-dac3a9f6b045	2	500	2024-07-18 00:03:19.778896+03	f
818ba7eb-d72f-4d25-8e4c-297b9b8a7b94	6414c25f-e134-4a06-9eaf-dac3a9f6b045	2	500	2024-07-18 00:03:19.782631+03	f
65899628-2b62-41ac-8fe4-779ad179d70c	6414c25f-e134-4a06-9eaf-dac3a9f6b045	2	500	2024-07-18 00:03:19.786219+03	f
2f02ef0c-4768-42a9-babd-aaaacb0e773d	6414c25f-e134-4a06-9eaf-dac3a9f6b045	2	500	2024-07-18 00:03:19.790183+03	f
44387a36-b52c-4c54-b901-ad1187abb320	a39f847b-bf47-4c15-8172-e4d3647d9561	1	500	2024-07-18 00:03:19.794516+03	f
7e2175cb-5631-46e0-ac6c-32868a946331	a39f847b-bf47-4c15-8172-e4d3647d9561	2	500	2024-07-18 00:03:19.798207+03	f
c0658c37-bcec-4695-ac96-87cef2a988db	a39f847b-bf47-4c15-8172-e4d3647d9561	2	500	2024-07-18 00:03:19.801979+03	f
51f70760-024b-4907-893f-2d65ce20f53d	a39f847b-bf47-4c15-8172-e4d3647d9561	2	500	2024-07-18 00:03:19.806407+03	f
d356a08d-37b4-41fa-a9ce-1239446d78ec	a39f847b-bf47-4c15-8172-e4d3647d9561	2	500	2024-07-18 00:03:19.809573+03	f
b25922ac-07b4-4311-a735-4335d61e9cf7	8136f0b2-3c02-4816-8deb-ac78b6da641c	2	500	2024-07-18 00:03:19.813803+03	f
2d4fd61a-9227-46fe-af4a-fe8887588e74	8136f0b2-3c02-4816-8deb-ac78b6da641c	2	500	2024-07-18 00:03:19.817833+03	f
60710918-0a89-403a-802a-aa28b1ee0165	8136f0b2-3c02-4816-8deb-ac78b6da641c	1	500	2024-07-18 00:03:19.821391+03	f
4d0035d9-5706-45f1-a197-c64f3744ed32	8136f0b2-3c02-4816-8deb-ac78b6da641c	2	500	2024-07-18 00:03:19.825156+03	f
508955e3-81cb-473f-9db1-4418299f0297	8136f0b2-3c02-4816-8deb-ac78b6da641c	2	500	2024-07-18 00:03:19.82868+03	f
9d963475-57e9-4acf-9587-5ada27e1b916	6414c25f-e134-4a06-9eaf-dac3a9f6b045	1	500	2024-07-18 00:04:19.78649+03	f
748723f0-5daa-4e1f-aca4-5849754b0c7f	6414c25f-e134-4a06-9eaf-dac3a9f6b045	2	500	2024-07-18 00:04:19.791398+03	f
49f8d1eb-ee85-46df-b49d-1de3597f071d	6414c25f-e134-4a06-9eaf-dac3a9f6b045	2	500	2024-07-18 00:04:19.794957+03	f
2ed29aa9-bb4d-421f-861f-eedd6ae9cc73	6414c25f-e134-4a06-9eaf-dac3a9f6b045	1	500	2024-07-18 00:04:19.79854+03	f
2df5f8b4-b006-472d-b6be-fe304a3e0e75	6414c25f-e134-4a06-9eaf-dac3a9f6b045	2	500	2024-07-18 00:04:19.802049+03	f
c1a58190-8a08-48ef-8fd2-48249b7c5aa3	a39f847b-bf47-4c15-8172-e4d3647d9561	2	500	2024-07-18 00:04:19.806299+03	f
cbda2bd3-35a6-4870-a4e1-3cf6a1dc4c67	a39f847b-bf47-4c15-8172-e4d3647d9561	2	500	2024-07-18 00:04:19.809816+03	f
748c1b33-005a-46de-aebd-56bd31320f29	a39f847b-bf47-4c15-8172-e4d3647d9561	2	500	2024-07-18 00:04:19.8134+03	f
1ae42c05-08e8-4497-83eb-ac6e41ee3d7f	a39f847b-bf47-4c15-8172-e4d3647d9561	2	500	2024-07-18 00:04:19.816928+03	f
96cb1c48-2e69-42a4-b139-bcbe07ec181b	a39f847b-bf47-4c15-8172-e4d3647d9561	1	500	2024-07-18 00:04:19.820472+03	f
a5a5d871-591c-43bc-a3d5-660061301978	8136f0b2-3c02-4816-8deb-ac78b6da641c	2	500	2024-07-18 00:04:19.824749+03	f
5ce18abf-cf3b-4ebc-8fa0-c1562d84c5a8	8136f0b2-3c02-4816-8deb-ac78b6da641c	1	500	2024-07-18 00:04:19.828507+03	f
58ed2bfd-99cc-4c2b-8230-ee7f6b15e167	8136f0b2-3c02-4816-8deb-ac78b6da641c	2	500	2024-07-18 00:04:19.832132+03	f
8faa51b9-2c0b-46c3-9f0a-e7a7c2d7b73f	8136f0b2-3c02-4816-8deb-ac78b6da641c	2	500	2024-07-18 00:04:19.835713+03	f
6c14e21f-3526-4ac0-9d59-290b746ae5f1	8136f0b2-3c02-4816-8deb-ac78b6da641c	2	500	2024-07-18 00:04:19.839262+03	f
b01e7da8-41fa-4f05-b8c0-63178a68b925	6414c25f-e134-4a06-9eaf-dac3a9f6b045	1	500	2024-07-18 00:05:19.787556+03	f
db3dc649-3635-4817-898c-9d7225fde407	6414c25f-e134-4a06-9eaf-dac3a9f6b045	1	500	2024-07-18 00:05:19.792401+03	f
2c709468-fe88-46bb-b5bf-8236fc52def6	6414c25f-e134-4a06-9eaf-dac3a9f6b045	1	500	2024-07-18 00:05:19.795623+03	f
90bc8957-7e85-4690-aa2a-89e6703d661a	6414c25f-e134-4a06-9eaf-dac3a9f6b045	2	500	2024-07-18 00:05:19.799539+03	f
6be59e0d-1270-44c2-aec5-06e65ccd72ad	6414c25f-e134-4a06-9eaf-dac3a9f6b045	2	500	2024-07-18 00:05:19.80294+03	f
6a737387-de20-4236-be79-741a793a55d1	a39f847b-bf47-4c15-8172-e4d3647d9561	2	500	2024-07-18 00:05:19.806639+03	f
92152bc1-fefa-41f5-bf1f-0b0f6bfa4d74	a39f847b-bf47-4c15-8172-e4d3647d9561	2	500	2024-07-18 00:05:19.809907+03	f
9cf93772-4587-4b8e-8012-5fce9026e617	a39f847b-bf47-4c15-8172-e4d3647d9561	2	500	2024-07-18 00:05:19.81351+03	f
ccdd40d4-05ea-455a-8d1d-e9cb424c2ee3	a39f847b-bf47-4c15-8172-e4d3647d9561	2	500	2024-07-18 00:05:19.817168+03	f
840e1c10-7cbd-416d-b448-dc3309b73df8	a39f847b-bf47-4c15-8172-e4d3647d9561	3	500	2024-07-18 00:05:19.821763+03	f
19039247-d521-465b-8f71-80cd639da6d7	8136f0b2-3c02-4816-8deb-ac78b6da641c	2	500	2024-07-18 00:05:19.826462+03	f
ede8a704-ca08-45d9-a872-cee313d6cba0	8136f0b2-3c02-4816-8deb-ac78b6da641c	2	500	2024-07-18 00:05:19.830063+03	f
92929760-fb86-4372-8ff9-574fc88846fb	8136f0b2-3c02-4816-8deb-ac78b6da641c	3	500	2024-07-18 00:05:19.835488+03	f
d7e7c4fb-2110-47bb-940e-d6f74a49afd8	8136f0b2-3c02-4816-8deb-ac78b6da641c	3	500	2024-07-18 00:05:19.841036+03	f
09498f75-902f-4746-9a6a-59acfb76b32f	8136f0b2-3c02-4816-8deb-ac78b6da641c	2	500	2024-07-18 00:05:19.845199+03	f
94c30494-c3a0-4266-9974-9d3226f92964	6414c25f-e134-4a06-9eaf-dac3a9f6b045	32	500	2024-07-18 00:07:14.142768+03	f
a07b19f0-f883-4b57-bccd-673c4cf3ab80	6414c25f-e134-4a06-9eaf-dac3a9f6b045	2	500	2024-07-18 00:07:14.156728+03	f
c23f833a-7a32-4516-82ea-ec27625c91a1	6414c25f-e134-4a06-9eaf-dac3a9f6b045	2	500	2024-07-18 00:07:14.161366+03	f
5af05e5d-f866-4609-9b3d-bca79cec19fe	6414c25f-e134-4a06-9eaf-dac3a9f6b045	2	500	2024-07-18 00:07:14.165136+03	f
1ea771c5-c6fb-4fd4-8a93-b4962b22d2a4	6414c25f-e134-4a06-9eaf-dac3a9f6b045	2	500	2024-07-18 00:07:14.168697+03	f
5bef7c1a-8802-41ce-b40f-4e10d8389b74	a39f847b-bf47-4c15-8172-e4d3647d9561	2	500	2024-07-18 00:07:14.174608+03	f
a7aeee0f-5c1c-4a59-be7e-ca0f64fb0656	a39f847b-bf47-4c15-8172-e4d3647d9561	2	500	2024-07-18 00:07:14.178359+03	f
c6dd101e-964e-4192-8ab5-653d06094980	a39f847b-bf47-4c15-8172-e4d3647d9561	2	500	2024-07-18 00:07:14.182314+03	f
32637adb-5908-4f75-b824-7e0d62d0232c	a39f847b-bf47-4c15-8172-e4d3647d9561	2	500	2024-07-18 00:07:14.185704+03	f
1762a87a-8e0a-447c-a7b9-cfc39ace721d	a39f847b-bf47-4c15-8172-e4d3647d9561	2	500	2024-07-18 00:07:14.189167+03	f
3e445bda-2a73-40e1-9815-795d2d8b75e1	8136f0b2-3c02-4816-8deb-ac78b6da641c	1	500	2024-07-18 00:07:14.193158+03	f
be46b874-0761-4cad-9288-fac8bbaad3fb	8136f0b2-3c02-4816-8deb-ac78b6da641c	1	500	2024-07-18 00:07:14.196255+03	f
b979b137-1143-4014-a0ec-940ba5996e1f	8136f0b2-3c02-4816-8deb-ac78b6da641c	1	500	2024-07-18 00:07:14.199538+03	f
5c2385d2-89d3-4bf5-b23f-8874733033a1	8136f0b2-3c02-4816-8deb-ac78b6da641c	1	500	2024-07-18 00:07:14.202529+03	f
6b2d2a9b-bce4-4a63-865b-141dd12baa13	8136f0b2-3c02-4816-8deb-ac78b6da641c	2	500	2024-07-18 00:07:14.205909+03	f
040e9a75-773c-4e92-a1ec-5a8cc0d3f287	6414c25f-e134-4a06-9eaf-dac3a9f6b045	3	500	2024-07-18 00:08:14.117425+03	f
93fa76c5-928c-4f0e-b457-0daf16757563	6414c25f-e134-4a06-9eaf-dac3a9f6b045	3	500	2024-07-18 00:08:14.123236+03	f
acb7cdd0-d330-421b-b257-50402cc760f7	6414c25f-e134-4a06-9eaf-dac3a9f6b045	2	500	2024-07-18 00:08:14.128203+03	f
175596bb-d5f1-45a4-bbff-3f3151c29eb5	6414c25f-e134-4a06-9eaf-dac3a9f6b045	2	500	2024-07-18 00:08:14.133003+03	f
084ca5cb-b45f-4c13-947e-7e5ebe01dadc	6414c25f-e134-4a06-9eaf-dac3a9f6b045	3	500	2024-07-18 00:08:14.138186+03	f
d6244107-1437-42cd-8149-747ed6775ac7	a39f847b-bf47-4c15-8172-e4d3647d9561	2	500	2024-07-18 00:08:14.143516+03	f
416d81d1-7f85-4ccd-9a7e-fa0037ee1aea	a39f847b-bf47-4c15-8172-e4d3647d9561	2	500	2024-07-18 00:08:14.147918+03	f
fccdfcf0-ed37-472e-abdb-fe0d87577b4d	a39f847b-bf47-4c15-8172-e4d3647d9561	2	500	2024-07-18 00:08:14.152824+03	f
7a276a13-15ac-41ae-a775-b3fffbeb5182	a39f847b-bf47-4c15-8172-e4d3647d9561	3	500	2024-07-18 00:08:14.157889+03	f
d6aa3496-b978-4e1a-8128-6b40fd655d32	a39f847b-bf47-4c15-8172-e4d3647d9561	3	500	2024-07-18 00:08:14.162488+03	f
2f779863-1720-44f4-b575-88238def3f84	8136f0b2-3c02-4816-8deb-ac78b6da641c	3	500	2024-07-18 00:08:14.168387+03	f
d2f971a4-bc8d-479d-ac71-ff929f880284	8136f0b2-3c02-4816-8deb-ac78b6da641c	3	500	2024-07-18 00:08:14.173094+03	f
4c0c540c-c22c-4452-8f55-df833f4dfb68	8136f0b2-3c02-4816-8deb-ac78b6da641c	2	500	2024-07-18 00:08:14.177363+03	f
6b5d4c4a-0309-4cd1-89e6-73fcbc61f773	8136f0b2-3c02-4816-8deb-ac78b6da641c	2	500	2024-07-18 00:08:14.181524+03	f
48a64912-5574-408d-9a04-4bcd19777d86	8136f0b2-3c02-4816-8deb-ac78b6da641c	2	500	2024-07-18 00:08:14.18544+03	f
76d0c2e1-cfef-4ed3-9a59-bb6e42bd06c7	6414c25f-e134-4a06-9eaf-dac3a9f6b045	3	500	2024-07-18 00:09:14.123795+03	f
0af3cf91-f4bf-465b-9d99-402cc1b1d6f0	6414c25f-e134-4a06-9eaf-dac3a9f6b045	2	500	2024-07-18 00:09:14.129443+03	f
46a7445d-30e9-4e77-8e2c-bfad6caacee5	6414c25f-e134-4a06-9eaf-dac3a9f6b045	2	500	2024-07-18 00:09:14.133341+03	f
1684f61e-2e14-46f2-b21e-0495204af088	6414c25f-e134-4a06-9eaf-dac3a9f6b045	2	500	2024-07-18 00:09:14.137114+03	f
aa50b809-d521-47fd-83fc-63e78cc80728	6414c25f-e134-4a06-9eaf-dac3a9f6b045	3	500	2024-07-18 00:09:14.142183+03	f
37d25191-63ce-4f66-ade9-ef67d608fd1e	a39f847b-bf47-4c15-8172-e4d3647d9561	2	500	2024-07-18 00:09:14.147148+03	f
1a48c2bc-ccab-464a-a6f7-071c7e45eea6	a39f847b-bf47-4c15-8172-e4d3647d9561	1	500	2024-07-18 00:09:14.150665+03	f
6897f456-7d26-47dc-8af3-5e4d5abcab9e	a39f847b-bf47-4c15-8172-e4d3647d9561	2	500	2024-07-18 00:09:14.154009+03	f
b4646858-e5a9-4def-8d08-926d05649f11	a39f847b-bf47-4c15-8172-e4d3647d9561	2	500	2024-07-18 00:09:14.157279+03	f
62221d6e-1739-4280-b624-77f125216230	a39f847b-bf47-4c15-8172-e4d3647d9561	1	500	2024-07-18 00:09:14.16044+03	f
50874a31-dc32-4044-a85b-0b1b4fb971f3	8136f0b2-3c02-4816-8deb-ac78b6da641c	2	500	2024-07-18 00:09:14.164412+03	f
74cc1779-a460-47a5-b2ee-55976822e2e2	8136f0b2-3c02-4816-8deb-ac78b6da641c	1	500	2024-07-18 00:09:14.167674+03	f
1b4f83aa-bf92-4511-a94a-0931bca2d123	8136f0b2-3c02-4816-8deb-ac78b6da641c	2	500	2024-07-18 00:09:14.170996+03	f
7e4cece4-2eed-4ae9-a6b7-56849582324a	8136f0b2-3c02-4816-8deb-ac78b6da641c	2	500	2024-07-18 00:09:14.174399+03	f
9247b7b6-389c-4f80-8958-1f67f9027b37	8136f0b2-3c02-4816-8deb-ac78b6da641c	1	500	2024-07-18 00:09:14.177695+03	f
14d5904e-111e-4b62-831a-b2cb15e5740b	6414c25f-e134-4a06-9eaf-dac3a9f6b045	28	500	2024-07-18 00:11:08.943738+03	f
b45fd41a-878a-4d0b-a21d-7b00284102c2	6414c25f-e134-4a06-9eaf-dac3a9f6b045	2	500	2024-07-18 00:11:08.957644+03	f
d1ab5dcc-1a58-4800-af6d-1af88623da0c	6414c25f-e134-4a06-9eaf-dac3a9f6b045	2	500	2024-07-18 00:11:08.961966+03	f
9d62e754-8592-4124-b022-08950a87af3d	6414c25f-e134-4a06-9eaf-dac3a9f6b045	2	500	2024-07-18 00:11:08.965875+03	f
95a1fe62-6f14-44bf-a2be-52d82070ae39	6414c25f-e134-4a06-9eaf-dac3a9f6b045	2	500	2024-07-18 00:11:08.970581+03	f
c405493d-b496-46ad-ab8e-39ce1c55dd0e	a39f847b-bf47-4c15-8172-e4d3647d9561	2	500	2024-07-18 00:11:08.97567+03	f
1847b207-4100-419b-822d-964e05e4a68a	a39f847b-bf47-4c15-8172-e4d3647d9561	2	500	2024-07-18 00:11:08.979354+03	f
d457e5e4-cfce-4f2c-8a88-2bd11b226368	a39f847b-bf47-4c15-8172-e4d3647d9561	2	500	2024-07-18 00:11:08.983216+03	f
1e6f1536-252b-40db-9537-a871c9468cbc	a39f847b-bf47-4c15-8172-e4d3647d9561	2	500	2024-07-18 00:11:08.987106+03	f
40818105-a6eb-4334-bf8f-822bc29a9f53	a39f847b-bf47-4c15-8172-e4d3647d9561	2	500	2024-07-18 00:11:08.991683+03	f
892243d6-6e72-41de-aa5a-f44a9a1fb778	8136f0b2-3c02-4816-8deb-ac78b6da641c	2	500	2024-07-18 00:11:08.996672+03	f
c4184ae8-c91c-4585-a792-8c1b3dd5bd18	8136f0b2-3c02-4816-8deb-ac78b6da641c	2	500	2024-07-18 00:11:09.000765+03	f
8414ecd4-b535-4502-990f-095c82f5d16e	8136f0b2-3c02-4816-8deb-ac78b6da641c	2	500	2024-07-18 00:11:09.004749+03	f
66bc843e-867f-41e2-abb4-56dbb77bf54a	8136f0b2-3c02-4816-8deb-ac78b6da641c	2	500	2024-07-18 00:11:09.008913+03	f
0966cf57-a9e0-4192-960c-134ea0c6ae16	8136f0b2-3c02-4816-8deb-ac78b6da641c	2	500	2024-07-18 00:11:09.012693+03	f
4626dc3b-85cc-48ab-b7b3-ca27616c7a6a	6414c25f-e134-4a06-9eaf-dac3a9f6b045	3	500	2024-07-18 00:12:08.871701+03	f
1ab44813-1ffe-440e-adb5-00736647dd60	6414c25f-e134-4a06-9eaf-dac3a9f6b045	2	500	2024-07-18 00:12:08.878347+03	f
43e476cd-8a22-4c76-a654-9f107c4dd3f9	6414c25f-e134-4a06-9eaf-dac3a9f6b045	2	500	2024-07-18 00:12:08.882688+03	f
9382e9f0-1f63-4a0c-ac64-62c54c1e94c3	6414c25f-e134-4a06-9eaf-dac3a9f6b045	1	500	2024-07-18 00:12:08.88596+03	f
1494ecc3-8d70-4355-a3bd-121471d9394a	6414c25f-e134-4a06-9eaf-dac3a9f6b045	2	500	2024-07-18 00:12:08.890006+03	f
c09144e4-b458-4937-9bde-be9030ab73c1	a39f847b-bf47-4c15-8172-e4d3647d9561	1	500	2024-07-18 00:12:08.893831+03	f
8b8798c3-2dd3-4491-82b1-fa6023c4f63b	a39f847b-bf47-4c15-8172-e4d3647d9561	1	500	2024-07-18 00:12:08.896749+03	f
3d2f5bd3-75a2-432f-a324-c20683fb2c76	a39f847b-bf47-4c15-8172-e4d3647d9561	2	500	2024-07-18 00:12:08.900586+03	f
f959ab70-79fb-4872-9c39-8123a7f9b659	a39f847b-bf47-4c15-8172-e4d3647d9561	1	500	2024-07-18 00:12:08.903772+03	f
d491ba27-a1f6-4820-927b-74c09c920777	a39f847b-bf47-4c15-8172-e4d3647d9561	2	500	2024-07-18 00:12:08.907109+03	f
fd8a3a7c-170a-4e63-9eb7-406a89b9912a	8136f0b2-3c02-4816-8deb-ac78b6da641c	2	500	2024-07-18 00:12:08.910963+03	f
0dedbf35-66d6-410d-8a85-afc30cb9ce77	8136f0b2-3c02-4816-8deb-ac78b6da641c	3	500	2024-07-18 00:12:08.915248+03	f
d720ca07-aa7e-4d28-8497-73c6fb309a8c	8136f0b2-3c02-4816-8deb-ac78b6da641c	1	500	2024-07-18 00:12:08.918359+03	f
cbcd34e5-a137-4b1b-9cb3-35f0c5ab214a	8136f0b2-3c02-4816-8deb-ac78b6da641c	1	500	2024-07-18 00:12:08.921155+03	f
f342b6df-5a3a-4b0e-9257-4e63b200d17e	8136f0b2-3c02-4816-8deb-ac78b6da641c	1	500	2024-07-18 00:12:08.924205+03	f
6a35dd32-8883-48d5-9459-d8ff75415152	6414c25f-e134-4a06-9eaf-dac3a9f6b045	37	500	2024-07-18 00:15:00.141113+03	f
f9ee9f66-b098-41f1-81c5-dfc6533222b9	6414c25f-e134-4a06-9eaf-dac3a9f6b045	5	500	2024-07-18 00:15:00.160247+03	f
1e4139c9-9202-40bf-ae8f-c11f624b61b6	6414c25f-e134-4a06-9eaf-dac3a9f6b045	2	500	2024-07-18 00:15:00.165122+03	f
ac98c007-cb2d-453c-8126-97b8ce501c26	6414c25f-e134-4a06-9eaf-dac3a9f6b045	4	500	2024-07-18 00:15:00.170863+03	f
fd8e8904-106a-4d29-a6c7-c90ac7214324	6414c25f-e134-4a06-9eaf-dac3a9f6b045	4	500	2024-07-18 00:15:00.177259+03	f
42b486ca-9b82-4f30-bdd1-c7bef9d978fb	a39f847b-bf47-4c15-8172-e4d3647d9561	4	500	2024-07-18 00:15:00.18557+03	f
950c0dd1-4fb8-4920-86b7-cf0174774aac	a39f847b-bf47-4c15-8172-e4d3647d9561	3	500	2024-07-18 00:15:00.191115+03	f
0522b45c-eeb6-45a9-acd4-823adcd1a247	a39f847b-bf47-4c15-8172-e4d3647d9561	2	500	2024-07-18 00:15:00.195222+03	f
cfbeda43-36a1-4a16-a76b-8bf23b08253c	a39f847b-bf47-4c15-8172-e4d3647d9561	2	500	2024-07-18 00:15:00.199398+03	f
950a6a69-47fa-4f12-8538-17ddb17860df	a39f847b-bf47-4c15-8172-e4d3647d9561	2	500	2024-07-18 00:15:00.203231+03	f
c6c4f549-f816-4744-a818-52fd80a4b01c	8136f0b2-3c02-4816-8deb-ac78b6da641c	2	500	2024-07-18 00:15:00.208423+03	f
25325d46-8a08-4ed4-b1a3-dbffc9383805	8136f0b2-3c02-4816-8deb-ac78b6da641c	2	500	2024-07-18 00:15:00.212161+03	f
67a4f4d8-182b-4c80-975e-c51e14859901	8136f0b2-3c02-4816-8deb-ac78b6da641c	2	500	2024-07-18 00:15:00.217053+03	f
0ef82d3b-6509-4770-bbec-41d2408625c5	8136f0b2-3c02-4816-8deb-ac78b6da641c	2	500	2024-07-18 00:15:00.220506+03	f
8f3dab2d-864d-4799-859c-ef6e04882bc3	8136f0b2-3c02-4816-8deb-ac78b6da641c	3	500	2024-07-18 00:15:00.22441+03	f
81e29958-4c0e-4e2b-95e2-1d96cf696ba9	6414c25f-e134-4a06-9eaf-dac3a9f6b045	33	500	2024-07-18 00:16:12.029061+03	f
268210f4-e8e0-49a7-9df4-22b8b0b20c70	6414c25f-e134-4a06-9eaf-dac3a9f6b045	3	500	2024-07-18 00:16:12.044741+03	f
e0d9ac42-8459-4c89-ba81-d2c76aa57d12	6414c25f-e134-4a06-9eaf-dac3a9f6b045	2	500	2024-07-18 00:16:12.050265+03	f
5d7df624-3d23-4d55-9658-bb60483fc90d	6414c25f-e134-4a06-9eaf-dac3a9f6b045	3	500	2024-07-18 00:16:12.055472+03	f
0e9655de-87f7-4fce-a6ca-12df6d372641	6414c25f-e134-4a06-9eaf-dac3a9f6b045	4	500	2024-07-18 00:16:12.063621+03	f
1a2254de-2b31-4c6d-895f-a43b574c0f87	a39f847b-bf47-4c15-8172-e4d3647d9561	2	500	2024-07-18 00:16:12.070482+03	f
7d10660a-8e57-49cf-bbbc-c138f343b05f	a39f847b-bf47-4c15-8172-e4d3647d9561	4	500	2024-07-18 00:16:12.07775+03	f
0f8b99df-0f05-4225-961d-05e06c753e3e	a39f847b-bf47-4c15-8172-e4d3647d9561	2	500	2024-07-18 00:16:12.083041+03	f
da3fb318-5899-47fd-a457-923aa180675b	a39f847b-bf47-4c15-8172-e4d3647d9561	2	500	2024-07-18 00:16:12.087609+03	f
f81bb3b3-2bcd-434f-9326-7dee34c323a9	a39f847b-bf47-4c15-8172-e4d3647d9561	4	500	2024-07-18 00:16:12.093966+03	f
85c32a3f-c018-4561-965c-9b54f86565ea	8136f0b2-3c02-4816-8deb-ac78b6da641c	3	500	2024-07-18 00:16:12.100317+03	f
6696b6b8-63c3-45ce-a2c2-e9ccb742fa75	8136f0b2-3c02-4816-8deb-ac78b6da641c	2	500	2024-07-18 00:16:12.105769+03	f
9d480d9c-03bd-409e-97e6-74e85936f2ea	8136f0b2-3c02-4816-8deb-ac78b6da641c	5	500	2024-07-18 00:16:12.113463+03	f
02568e4d-1b79-43b2-8e80-6965db582929	8136f0b2-3c02-4816-8deb-ac78b6da641c	3	500	2024-07-18 00:16:12.118201+03	f
b632a243-a2a5-4c97-b464-07c8484032ce	8136f0b2-3c02-4816-8deb-ac78b6da641c	3	500	2024-07-18 00:16:12.123319+03	f
80cdad13-0f72-46c3-a308-9d57e241d5fe	6414c25f-e134-4a06-9eaf-dac3a9f6b045	3	500	2024-07-18 00:17:11.941219+03	f
e3522af0-d4d9-478e-852a-f4a8bce983d1	6414c25f-e134-4a06-9eaf-dac3a9f6b045	2	500	2024-07-18 00:17:11.946949+03	f
2509b015-2c0a-41bb-a6dd-b76ecef9af0a	6414c25f-e134-4a06-9eaf-dac3a9f6b045	2	500	2024-07-18 00:17:11.951066+03	f
59af96e1-5c32-4de0-991c-77a639f568de	6414c25f-e134-4a06-9eaf-dac3a9f6b045	2	500	2024-07-18 00:17:11.955873+03	f
fae8e234-38a0-4ade-8b16-9555b88bdbb7	6414c25f-e134-4a06-9eaf-dac3a9f6b045	2	500	2024-07-18 00:17:11.960735+03	f
9f8b00be-d6ed-439e-97a9-bd6ef780e59d	a39f847b-bf47-4c15-8172-e4d3647d9561	2	500	2024-07-18 00:17:11.965769+03	f
bb431113-95f9-4bdd-93ae-5ac5caef7a1e	a39f847b-bf47-4c15-8172-e4d3647d9561	5	500	2024-07-18 00:17:11.97465+03	f
aa554cb0-ce20-45f3-ae0b-23371c9eca7d	a39f847b-bf47-4c15-8172-e4d3647d9561	3	500	2024-07-18 00:17:11.979902+03	f
9c285765-ee30-4795-b9bd-4ee8824751a8	a39f847b-bf47-4c15-8172-e4d3647d9561	5	500	2024-07-18 00:17:11.987351+03	f
bfb1ab07-26ab-421a-8ba3-2e4915ec340d	a39f847b-bf47-4c15-8172-e4d3647d9561	3	500	2024-07-18 00:17:11.993129+03	f
d23913c5-f1af-4cd4-a74c-1691eff3ec4a	8136f0b2-3c02-4816-8deb-ac78b6da641c	2	500	2024-07-18 00:17:11.998942+03	f
b9750323-eebb-4b47-94c9-4e06da82e3a6	8136f0b2-3c02-4816-8deb-ac78b6da641c	3	500	2024-07-18 00:17:12.005252+03	f
fadf3b80-7d1b-4b4b-8c1f-acdc6e37ae3d	8136f0b2-3c02-4816-8deb-ac78b6da641c	3	500	2024-07-18 00:17:12.010727+03	f
d74b2beb-85df-4c2f-a3ab-fd19b94816d0	8136f0b2-3c02-4816-8deb-ac78b6da641c	3	500	2024-07-18 00:17:12.018251+03	f
8faa222d-3dd9-45e2-b883-a17509ba36df	8136f0b2-3c02-4816-8deb-ac78b6da641c	3	500	2024-07-18 00:17:12.025329+03	f
cebbb574-2d07-4cc9-b497-014627708cb3	6414c25f-e134-4a06-9eaf-dac3a9f6b045	2	500	2024-07-18 00:18:11.946869+03	f
fef5374f-54b4-436e-9a86-56c85fd5af14	6414c25f-e134-4a06-9eaf-dac3a9f6b045	1	500	2024-07-18 00:18:11.951653+03	f
6ff2a174-6f19-4ee7-8d70-5793e79dbe2e	6414c25f-e134-4a06-9eaf-dac3a9f6b045	3	500	2024-07-18 00:18:11.956137+03	f
a57f2234-4d30-4775-9026-36030b5a5e16	6414c25f-e134-4a06-9eaf-dac3a9f6b045	2	500	2024-07-18 00:18:11.960153+03	f
40350902-c737-419b-8b27-551c64b1c6bf	6414c25f-e134-4a06-9eaf-dac3a9f6b045	2	500	2024-07-18 00:18:11.964826+03	f
e3b1f39b-1ba8-49cd-85d9-78154b62ca67	a39f847b-bf47-4c15-8172-e4d3647d9561	1	500	2024-07-18 00:18:11.969957+03	f
5ce666c3-4d23-4cf3-a610-b87b65b060da	a39f847b-bf47-4c15-8172-e4d3647d9561	2	500	2024-07-18 00:18:11.975517+03	f
f0c930c3-a048-410c-a9c9-2fb5c417920b	a39f847b-bf47-4c15-8172-e4d3647d9561	4	500	2024-07-18 00:18:11.981322+03	f
43dcf5c3-ef0d-49aa-8497-e2580c13b384	a39f847b-bf47-4c15-8172-e4d3647d9561	3	500	2024-07-18 00:18:11.986698+03	f
d7d41cf1-7bd6-4161-ae1f-a67960fa3077	a39f847b-bf47-4c15-8172-e4d3647d9561	2	500	2024-07-18 00:18:11.992339+03	f
a57c37f6-230f-4055-baa7-049ebae98712	8136f0b2-3c02-4816-8deb-ac78b6da641c	2	500	2024-07-18 00:18:11.99756+03	f
3546762b-c382-418e-b0c3-aa62ccddc2ff	8136f0b2-3c02-4816-8deb-ac78b6da641c	3	500	2024-07-18 00:18:12.004241+03	f
eaf77464-f53f-48b6-81b7-a0da83d6ab34	8136f0b2-3c02-4816-8deb-ac78b6da641c	2	500	2024-07-18 00:18:12.008865+03	f
954c55d7-ee00-44f4-b852-b1aaee836781	8136f0b2-3c02-4816-8deb-ac78b6da641c	2	500	2024-07-18 00:18:12.012476+03	f
f03910f8-3980-47bc-9174-c4a96f6f66d6	8136f0b2-3c02-4816-8deb-ac78b6da641c	2	500	2024-07-18 00:18:12.016835+03	f
c7252514-6ce3-488a-91ce-09142394da99	6414c25f-e134-4a06-9eaf-dac3a9f6b045	2	500	2024-07-18 00:19:11.959457+03	f
eb20ab28-fea9-403f-97cb-c48cbcb4b207	6414c25f-e134-4a06-9eaf-dac3a9f6b045	2	500	2024-07-18 00:19:11.965703+03	f
37eacfa7-a33d-4705-a2ef-7b2074658b9c	6414c25f-e134-4a06-9eaf-dac3a9f6b045	4	500	2024-07-18 00:19:11.972656+03	f
0bb30213-cc5d-4596-ae1e-e22cb074ee24	6414c25f-e134-4a06-9eaf-dac3a9f6b045	8	500	2024-07-18 00:19:11.9842+03	f
1640f121-49b6-4022-a860-40e50f00170a	6414c25f-e134-4a06-9eaf-dac3a9f6b045	3	500	2024-07-18 00:19:11.990746+03	f
bd11ca05-4aea-4066-9076-f2ce4c5c25f6	a39f847b-bf47-4c15-8172-e4d3647d9561	2	500	2024-07-18 00:19:11.997722+03	f
b80479e3-105e-4d54-829c-481af7ad5c31	a39f847b-bf47-4c15-8172-e4d3647d9561	6	500	2024-07-18 00:19:12.007014+03	f
0c0d1df0-73d4-40e5-9ef6-e129f9e831d8	a39f847b-bf47-4c15-8172-e4d3647d9561	4	500	2024-07-18 00:19:12.014328+03	f
295a3a70-a374-49f9-a465-5e5f2921579c	a39f847b-bf47-4c15-8172-e4d3647d9561	4	500	2024-07-18 00:19:12.02243+03	f
162f4a0c-3034-4194-bee8-e1a51e9086dd	a39f847b-bf47-4c15-8172-e4d3647d9561	3	500	2024-07-18 00:19:12.029099+03	f
5dc9537b-0fdf-4e47-8e11-2f131e41d775	8136f0b2-3c02-4816-8deb-ac78b6da641c	3	500	2024-07-18 00:19:12.036892+03	f
065fd348-e435-4266-ad84-c48e80f6ed3b	8136f0b2-3c02-4816-8deb-ac78b6da641c	3	500	2024-07-18 00:19:12.043485+03	f
8749d82e-720e-4192-8248-bf4981f763df	8136f0b2-3c02-4816-8deb-ac78b6da641c	2	500	2024-07-18 00:19:12.048599+03	f
75593f0e-7af7-4216-a51c-65dc7d00d8ca	8136f0b2-3c02-4816-8deb-ac78b6da641c	4	500	2024-07-18 00:19:12.055454+03	f
407bab42-af48-4488-9d97-b20674ae9e55	8136f0b2-3c02-4816-8deb-ac78b6da641c	2	500	2024-07-18 00:19:12.060682+03	f
26f05993-e2a3-402d-9e45-5318c8cafccd	6414c25f-e134-4a06-9eaf-dac3a9f6b045	48	500	2024-07-18 00:20:26.767685+03	f
7e7e10d7-a1bb-4c42-b40d-aa01477f6ee0	6414c25f-e134-4a06-9eaf-dac3a9f6b045	5	500	2024-07-18 00:20:26.793312+03	f
3c301e10-0e24-4216-a121-705d21b46acf	6414c25f-e134-4a06-9eaf-dac3a9f6b045	3	500	2024-07-18 00:20:26.801142+03	f
da86d2e0-eb40-4ab2-9ad4-a937fe5cf716	6414c25f-e134-4a06-9eaf-dac3a9f6b045	3	500	2024-07-18 00:20:26.807021+03	f
8e485368-accf-4424-b0a2-e7a5a37c9abf	6414c25f-e134-4a06-9eaf-dac3a9f6b045	3	500	2024-07-18 00:20:26.813423+03	f
8645a784-2533-4847-8e3f-1d8086dcd820	a39f847b-bf47-4c15-8172-e4d3647d9561	3	500	2024-07-18 00:20:26.823849+03	f
786629d0-5bf2-40c1-93a6-c439d83068f7	a39f847b-bf47-4c15-8172-e4d3647d9561	3	500	2024-07-18 00:20:26.830855+03	f
8a84d4f5-e445-45a4-bb76-6a3549f5b37c	a39f847b-bf47-4c15-8172-e4d3647d9561	3	500	2024-07-18 00:20:26.838084+03	f
33b5a285-74d5-4b8b-94bd-154c93a97626	a39f847b-bf47-4c15-8172-e4d3647d9561	2	500	2024-07-18 00:20:26.843338+03	f
a8d7dda5-af3d-4c74-857b-3e49279bb8fa	a39f847b-bf47-4c15-8172-e4d3647d9561	3	500	2024-07-18 00:20:26.850671+03	f
ead43486-c5bc-4d75-bcf1-fe34afdd2170	8136f0b2-3c02-4816-8deb-ac78b6da641c	3	500	2024-07-18 00:20:26.856592+03	f
e50cb81d-4a5c-4966-9fc0-f7fc076f64f1	8136f0b2-3c02-4816-8deb-ac78b6da641c	3	500	2024-07-18 00:20:26.861908+03	f
e2c39335-825e-4495-b16b-6df8da2f5ec3	8136f0b2-3c02-4816-8deb-ac78b6da641c	4	500	2024-07-18 00:20:26.867496+03	f
2e03919a-4a47-4445-9041-f36ae5759823	8136f0b2-3c02-4816-8deb-ac78b6da641c	2	500	2024-07-18 00:20:26.871701+03	f
9961054e-0896-40cf-ab1c-f61d2b6f33da	8136f0b2-3c02-4816-8deb-ac78b6da641c	2	500	2024-07-18 00:20:26.87595+03	f
2811638f-4f1a-42fd-9d96-c0e72b2c3142	6414c25f-e134-4a06-9eaf-dac3a9f6b045	2	500	2024-07-18 00:21:26.665455+03	f
2954bf6a-8c46-4572-bf99-05940954782b	6414c25f-e134-4a06-9eaf-dac3a9f6b045	2	500	2024-07-18 00:21:26.670631+03	f
869f4e58-d4e6-408d-8fea-b68746bbdfb2	6414c25f-e134-4a06-9eaf-dac3a9f6b045	2	500	2024-07-18 00:21:26.675367+03	f
d9b4404a-d805-484b-8034-0a4f1d90b52a	6414c25f-e134-4a06-9eaf-dac3a9f6b045	3	500	2024-07-18 00:21:26.68107+03	f
03f80709-d729-48d5-9187-9f971971c89f	6414c25f-e134-4a06-9eaf-dac3a9f6b045	3	500	2024-07-18 00:21:26.68554+03	f
b936a66f-2ca9-4e3a-99e6-35141b62b7cb	a39f847b-bf47-4c15-8172-e4d3647d9561	2	500	2024-07-18 00:21:26.69117+03	f
a409b71b-1691-46d2-b671-d4ac4dfafa03	a39f847b-bf47-4c15-8172-e4d3647d9561	4	500	2024-07-18 00:21:26.699499+03	f
520ed335-7789-45a0-b42c-217d57a15f44	a39f847b-bf47-4c15-8172-e4d3647d9561	2	500	2024-07-18 00:21:26.704172+03	f
0c053a63-5d65-43b4-ba96-939f55744c1e	a39f847b-bf47-4c15-8172-e4d3647d9561	2	500	2024-07-18 00:21:26.708234+03	f
ec993122-1388-47ce-9158-e0451eaf952e	a39f847b-bf47-4c15-8172-e4d3647d9561	4	500	2024-07-18 00:21:26.716248+03	f
1f79d47b-3ea7-4181-aae0-8f77620c5095	8136f0b2-3c02-4816-8deb-ac78b6da641c	3	500	2024-07-18 00:21:26.723498+03	f
3501c8f9-7f91-4365-a62d-e739f4317ad6	8136f0b2-3c02-4816-8deb-ac78b6da641c	4	500	2024-07-18 00:21:26.731391+03	f
c2d39b31-c8db-49b5-bb9d-145690b02eff	8136f0b2-3c02-4816-8deb-ac78b6da641c	2	500	2024-07-18 00:21:26.736253+03	f
87eac336-d1fd-415a-8d37-62555ca6462d	8136f0b2-3c02-4816-8deb-ac78b6da641c	2	500	2024-07-18 00:21:26.74183+03	f
2c2f1b60-2bef-46fc-a9f9-ba0410a8aec2	8136f0b2-3c02-4816-8deb-ac78b6da641c	5	500	2024-07-18 00:21:26.749284+03	f
e9069190-3005-4dff-9533-28b40cb80bb6	6414c25f-e134-4a06-9eaf-dac3a9f6b045	36	500	2024-07-18 00:22:51.49727+03	f
8ab86126-ec7e-446a-8c81-828062030cdb	6414c25f-e134-4a06-9eaf-dac3a9f6b045	3	500	2024-07-18 00:22:51.516854+03	f
9509fd9d-ac35-4433-8536-0f41b5ef9ec2	6414c25f-e134-4a06-9eaf-dac3a9f6b045	5	500	2024-07-18 00:22:51.524801+03	f
c81d67ac-3f80-4887-937e-0abe8dd6dea9	6414c25f-e134-4a06-9eaf-dac3a9f6b045	3	500	2024-07-18 00:22:51.531217+03	f
d7ca3a10-f889-4403-a1f2-ca73ca858247	6414c25f-e134-4a06-9eaf-dac3a9f6b045	4	500	2024-07-18 00:22:51.538102+03	f
25b937f5-7a55-4cf8-9022-b07bda3566ef	a39f847b-bf47-4c15-8172-e4d3647d9561	4	500	2024-07-18 00:22:51.548822+03	f
bb7517e4-0a37-4381-a6f0-ceb1ad8a7d16	a39f847b-bf47-4c15-8172-e4d3647d9561	4	500	2024-07-18 00:22:51.557748+03	f
4532bd1e-9627-4197-9f35-c0037e2afcab	a39f847b-bf47-4c15-8172-e4d3647d9561	4	500	2024-07-18 00:22:51.565109+03	f
bd37f847-da24-4501-8f3d-7c556f4fbf1b	a39f847b-bf47-4c15-8172-e4d3647d9561	3	500	2024-07-18 00:22:51.570796+03	f
23302090-6a9b-457b-a223-3aeae0ce51cd	a39f847b-bf47-4c15-8172-e4d3647d9561	3	500	2024-07-18 00:22:51.576659+03	f
ddd5fa06-a630-410f-a1af-1701a40e7fd8	8136f0b2-3c02-4816-8deb-ac78b6da641c	2	500	2024-07-18 00:22:51.583832+03	f
93dc78ba-f566-4ddb-a5be-fa332f3dea0d	8136f0b2-3c02-4816-8deb-ac78b6da641c	2	500	2024-07-18 00:22:51.589284+03	f
807045e3-febb-4084-81d6-3da988adddf5	8136f0b2-3c02-4816-8deb-ac78b6da641c	3	500	2024-07-18 00:22:51.594503+03	f
5d8d4617-f347-4f7c-8c7c-2c19c5ed531e	8136f0b2-3c02-4816-8deb-ac78b6da641c	2	500	2024-07-18 00:22:51.599922+03	f
c7b1eb6f-1e34-4c4e-91a4-b08f2ca961a0	8136f0b2-3c02-4816-8deb-ac78b6da641c	2	500	2024-07-18 00:22:51.60473+03	f
20752816-df57-4a3b-9848-02b6d8ea6f2f	6414c25f-e134-4a06-9eaf-dac3a9f6b045	59	500	2024-07-18 00:24:48.839157+03	f
f1bac129-f6c2-424e-ad73-c16b7f93edd0	6414c25f-e134-4a06-9eaf-dac3a9f6b045	6	500	2024-07-18 00:24:48.872381+03	f
51917666-4c30-46a8-ae50-af732fca4312	6414c25f-e134-4a06-9eaf-dac3a9f6b045	4	500	2024-07-18 00:24:48.883145+03	f
389b4387-7d83-4b4e-a084-67592cdec88b	6414c25f-e134-4a06-9eaf-dac3a9f6b045	6	500	2024-07-18 00:24:48.892726+03	f
000e9f98-3e1a-4b3a-a11c-a50da83263cb	6414c25f-e134-4a06-9eaf-dac3a9f6b045	4	500	2024-07-18 00:24:48.901042+03	f
40703cad-5b36-4e53-8e1a-7ccf157002b6	a39f847b-bf47-4c15-8172-e4d3647d9561	4	500	2024-07-18 00:24:48.910245+03	f
055eb494-ff9d-4684-8b4c-2563422afca2	a39f847b-bf47-4c15-8172-e4d3647d9561	7	500	2024-07-18 00:24:48.921164+03	f
ff2ef519-2148-462d-ba16-c3266e16d7b5	a39f847b-bf47-4c15-8172-e4d3647d9561	3	500	2024-07-18 00:24:48.92814+03	f
837766d5-92bc-4f7c-ac78-9af81347d93d	a39f847b-bf47-4c15-8172-e4d3647d9561	6	500	2024-07-18 00:24:48.937949+03	f
09b6a2a3-d3d8-44cc-9134-5c879c625a21	a39f847b-bf47-4c15-8172-e4d3647d9561	5	500	2024-07-18 00:24:48.946274+03	f
2eaf8d60-ba7f-434f-9d73-901d40809936	8136f0b2-3c02-4816-8deb-ac78b6da641c	5	500	2024-07-18 00:24:48.959039+03	f
a62558b2-7c2a-4310-9d6d-d8b832bee114	8136f0b2-3c02-4816-8deb-ac78b6da641c	7	500	2024-07-18 00:24:48.97026+03	f
48ab74e1-e463-45ac-ac34-84c6ef4b11cd	8136f0b2-3c02-4816-8deb-ac78b6da641c	3	500	2024-07-18 00:24:48.977768+03	f
dd23a470-5263-4b7f-95c8-a7a970dd5db1	8136f0b2-3c02-4816-8deb-ac78b6da641c	4	500	2024-07-18 00:24:48.988237+03	f
0c4d96a3-a233-4eaf-8698-41038652c21b	8136f0b2-3c02-4816-8deb-ac78b6da641c	3	500	2024-07-18 00:24:48.994741+03	f
d25b569c-70e8-4373-a58a-68de4d27f109	6414c25f-e134-4a06-9eaf-dac3a9f6b045	2	500	2024-07-18 00:25:48.721429+03	f
09bad781-7dc5-47d0-8ec0-3b5cfe07dd22	6414c25f-e134-4a06-9eaf-dac3a9f6b045	2	500	2024-07-18 00:25:48.727887+03	f
6f81f9be-4a6a-4278-866c-7fcdeb346203	6414c25f-e134-4a06-9eaf-dac3a9f6b045	4	500	2024-07-18 00:25:48.734216+03	f
7a6baab5-8aec-4ffb-82b1-918f4b82d1bf	6414c25f-e134-4a06-9eaf-dac3a9f6b045	2	500	2024-07-18 00:25:48.738726+03	f
e1958240-462a-44a0-a521-37bd4a29122c	6414c25f-e134-4a06-9eaf-dac3a9f6b045	3	500	2024-07-18 00:25:48.743026+03	f
9ffe472e-2eeb-4495-9fd5-6ab34be96586	a39f847b-bf47-4c15-8172-e4d3647d9561	2	500	2024-07-18 00:25:48.75093+03	f
fb08396e-bcc7-4402-9548-4c4c53b04ff2	a39f847b-bf47-4c15-8172-e4d3647d9561	3	500	2024-07-18 00:25:48.755949+03	f
9496019e-31fd-43f1-ad61-7ab2a8f4cd14	a39f847b-bf47-4c15-8172-e4d3647d9561	3	500	2024-07-18 00:25:48.762105+03	f
2d741e87-65cd-4232-a19b-2ba539487d81	a39f847b-bf47-4c15-8172-e4d3647d9561	3	500	2024-07-18 00:25:48.768381+03	f
b329eb9c-3922-4181-9fcb-1942f4f8fb3f	a39f847b-bf47-4c15-8172-e4d3647d9561	3	500	2024-07-18 00:25:48.77329+03	f
fcac0a87-c5af-403c-bd6f-87541e1e847c	8136f0b2-3c02-4816-8deb-ac78b6da641c	4	500	2024-07-18 00:25:48.780319+03	f
e4eb45ec-f82d-49fd-bd95-2f48ff4472aa	8136f0b2-3c02-4816-8deb-ac78b6da641c	2	500	2024-07-18 00:25:48.785023+03	f
ee81df2f-0fe4-44ac-ada5-9f6d0de7b794	8136f0b2-3c02-4816-8deb-ac78b6da641c	3	500	2024-07-18 00:25:48.789386+03	f
30475d82-4867-4ae2-921c-b8fdacc39f87	8136f0b2-3c02-4816-8deb-ac78b6da641c	2	500	2024-07-18 00:25:48.794169+03	f
e9afdf9d-1da8-42df-9156-74c784e574f2	8136f0b2-3c02-4816-8deb-ac78b6da641c	3	500	2024-07-18 00:25:48.800648+03	f
216f0ad7-bb5e-424c-b691-20b600d44742	6414c25f-e134-4a06-9eaf-dac3a9f6b045	27	200	2024-07-18 00:26:56.30412+03	t
c2701953-92f8-4041-b678-351023ac297a	6414c25f-e134-4a06-9eaf-dac3a9f6b045	4	200	2024-07-18 00:26:56.322188+03	t
34335ae3-e137-43ba-b151-d0416a39ea38	6414c25f-e134-4a06-9eaf-dac3a9f6b045	4	200	2024-07-18 00:26:56.329427+03	t
85d8f957-15bb-4554-8d75-2b733bec0ac5	6414c25f-e134-4a06-9eaf-dac3a9f6b045	4	200	2024-07-18 00:26:56.336203+03	t
8c14c37a-8860-4411-ad6c-90a994e4245f	6414c25f-e134-4a06-9eaf-dac3a9f6b045	3	200	2024-07-18 00:26:56.341854+03	t
6c378bff-584c-457c-bc0e-1329e24c4bc9	a39f847b-bf47-4c15-8172-e4d3647d9561	39	500	2024-07-18 00:26:56.389178+03	f
679b388f-f7d6-437c-b610-acb4353d0437	a39f847b-bf47-4c15-8172-e4d3647d9561	5	500	2024-07-18 00:26:56.398173+03	f
17250d20-335f-47a7-b8ca-ea939990cd8f	a39f847b-bf47-4c15-8172-e4d3647d9561	3	500	2024-07-18 00:26:56.404357+03	f
218aa89a-cf2c-4046-ba74-cfd505ee2335	a39f847b-bf47-4c15-8172-e4d3647d9561	4	500	2024-07-18 00:26:56.411131+03	f
24a45882-8812-44fc-86b0-7248f1509c9a	a39f847b-bf47-4c15-8172-e4d3647d9561	5	500	2024-07-18 00:26:56.41898+03	f
5bbf1adf-d463-49ef-a490-c88406880c5d	8136f0b2-3c02-4816-8deb-ac78b6da641c	6	500	2024-07-18 00:26:56.429273+03	f
b2978f75-a12c-49fa-9746-e57e6caccd69	8136f0b2-3c02-4816-8deb-ac78b6da641c	3	500	2024-07-18 00:26:56.437483+03	f
04f0219b-8af7-418d-a9d5-aa4b35b93f85	8136f0b2-3c02-4816-8deb-ac78b6da641c	4	500	2024-07-18 00:26:56.443562+03	f
223491af-97e0-44f4-a496-3876fc5f3dd1	8136f0b2-3c02-4816-8deb-ac78b6da641c	4	500	2024-07-18 00:26:56.450325+03	f
1f87e5eb-d368-41dd-8110-c7f515695657	8136f0b2-3c02-4816-8deb-ac78b6da641c	3	500	2024-07-18 00:26:56.454751+03	f
fce5d8d6-5860-4c81-8de3-680590d5ae0c	a39f847b-bf47-4c15-8172-e4d3647d9561	33	500	2024-07-18 00:29:31.238601+03	f
611fe9e4-b02a-40aa-a553-e0626638dbbf	a39f847b-bf47-4c15-8172-e4d3647d9561	6	500	2024-07-18 00:29:31.256467+03	f
ad1a84fd-de31-43de-a439-e7923130186a	a39f847b-bf47-4c15-8172-e4d3647d9561	2	500	2024-07-18 00:29:31.261324+03	f
d36863de-813f-4f5d-8f88-786e5fd813be	a39f847b-bf47-4c15-8172-e4d3647d9561	3	500	2024-07-18 00:29:31.26623+03	f
85f9c547-6cdd-40bd-b3de-f5c845c7a6fc	a39f847b-bf47-4c15-8172-e4d3647d9561	3	500	2024-07-18 00:29:31.271191+03	f
eba39172-93f9-4c82-affd-381ec92d6a1b	8136f0b2-3c02-4816-8deb-ac78b6da641c	4	500	2024-07-18 00:29:31.280821+03	f
c95ed30c-ba05-4e8f-8108-219d84b9465d	8136f0b2-3c02-4816-8deb-ac78b6da641c	3	500	2024-07-18 00:29:31.286422+03	f
d255b9ad-79fb-414c-a927-d348af703f47	8136f0b2-3c02-4816-8deb-ac78b6da641c	4	500	2024-07-18 00:29:31.292804+03	f
4e38069e-8021-4363-913a-e71efd1c7f7d	8136f0b2-3c02-4816-8deb-ac78b6da641c	3	500	2024-07-18 00:29:31.297983+03	f
d647bc16-b6ed-460d-909a-4f17e71a0827	8136f0b2-3c02-4816-8deb-ac78b6da641c	3	500	2024-07-18 00:29:31.302898+03	f
078e7c11-9347-47a4-9887-4765686c4f06	6414c25f-e134-4a06-9eaf-dac3a9f6b045	5	200	2024-07-18 00:29:31.311147+03	t
13fc9955-7704-4501-8ce0-03476465dea0	6414c25f-e134-4a06-9eaf-dac3a9f6b045	3	200	2024-07-18 00:29:31.316107+03	t
06dfd4fc-3041-4ac9-9e9d-acbdb3a57364	6414c25f-e134-4a06-9eaf-dac3a9f6b045	3	200	2024-07-18 00:29:31.321353+03	t
b8a22d71-842d-46ce-97b6-e715aedc750e	6414c25f-e134-4a06-9eaf-dac3a9f6b045	4	200	2024-07-18 00:29:31.327494+03	t
fdc3ada3-dfd4-4435-8c4c-ec039634c922	6414c25f-e134-4a06-9eaf-dac3a9f6b045	3	200	2024-07-18 00:29:31.332201+03	t
dc6cea31-4904-4ae1-b5f6-875080c8b32e	a39f847b-bf47-4c15-8172-e4d3647d9561	4	500	2024-07-18 00:30:31.163783+03	f
f127232b-1517-403d-a57e-65a32f63e137	a39f847b-bf47-4c15-8172-e4d3647d9561	3	500	2024-07-18 00:30:31.169928+03	f
6efe9ea7-f7c2-4fb5-9890-003c646c5559	a39f847b-bf47-4c15-8172-e4d3647d9561	3	500	2024-07-18 00:30:31.174894+03	f
0c5f0a00-f514-4e32-b4a4-d723121dffd3	a39f847b-bf47-4c15-8172-e4d3647d9561	2	500	2024-07-18 00:30:31.180364+03	f
ad4d05df-fb6f-4d9e-a55c-6ff8ded13976	a39f847b-bf47-4c15-8172-e4d3647d9561	4	500	2024-07-18 00:30:31.186484+03	f
c6b89753-fbf3-4e67-951f-ecaf6ef1e7c4	8136f0b2-3c02-4816-8deb-ac78b6da641c	5	500	2024-07-18 00:30:31.194734+03	f
901a813a-f745-4937-a83d-2e181c4a94a0	8136f0b2-3c02-4816-8deb-ac78b6da641c	6	500	2024-07-18 00:30:31.202099+03	f
3dd2bafa-8526-4971-9e4f-d0c24c327aa2	8136f0b2-3c02-4816-8deb-ac78b6da641c	5	500	2024-07-18 00:30:31.21036+03	f
284a344c-c191-48b0-9586-f60706f1e45f	8136f0b2-3c02-4816-8deb-ac78b6da641c	3	500	2024-07-18 00:30:31.216742+03	f
28007fde-a084-4e50-a33f-9a09568fb543	8136f0b2-3c02-4816-8deb-ac78b6da641c	6	500	2024-07-18 00:30:31.224815+03	f
13cab3ee-68a9-43d6-908f-3f6a6a5dfd3f	6414c25f-e134-4a06-9eaf-dac3a9f6b045	3	200	2024-07-18 00:30:31.231912+03	t
9c81dce6-aa10-437f-8d24-8bdabb3de0d6	6414c25f-e134-4a06-9eaf-dac3a9f6b045	3	200	2024-07-18 00:30:31.238018+03	t
075079e5-f7b8-44b7-97e9-418fbca48dfc	6414c25f-e134-4a06-9eaf-dac3a9f6b045	4	200	2024-07-18 00:30:31.244621+03	t
f4a39485-f2cd-4d82-9f14-39538be99208	6414c25f-e134-4a06-9eaf-dac3a9f6b045	4	200	2024-07-18 00:30:31.251445+03	t
5079af22-c2ff-4c99-8250-267968d102b8	6414c25f-e134-4a06-9eaf-dac3a9f6b045	5	200	2024-07-18 00:30:31.258404+03	t
e9da97fd-9ae6-4a23-9c80-50272a78add9	a39f847b-bf47-4c15-8172-e4d3647d9561	6	500	2024-07-18 00:31:31.172718+03	f
e0ea99e5-4044-4fdc-9c56-3ef16c0cb470	a39f847b-bf47-4c15-8172-e4d3647d9561	4	500	2024-07-18 00:31:31.181377+03	f
5f58d776-d6a3-4be5-ae6a-4775e0943d88	a39f847b-bf47-4c15-8172-e4d3647d9561	5	500	2024-07-18 00:31:31.189883+03	f
6fa70e04-2d28-4f22-90ea-718fb14852d0	a39f847b-bf47-4c15-8172-e4d3647d9561	8	500	2024-07-18 00:31:31.201224+03	f
95e39fd1-7a96-47ab-a8fd-07cb2811df88	a39f847b-bf47-4c15-8172-e4d3647d9561	4	500	2024-07-18 00:31:31.208723+03	f
06075043-b206-4641-8755-b0895170e93e	8136f0b2-3c02-4816-8deb-ac78b6da641c	5	500	2024-07-18 00:31:31.219179+03	f
484fc31f-3d45-445d-8635-a17fdbbda9b2	8136f0b2-3c02-4816-8deb-ac78b6da641c	4	500	2024-07-18 00:31:31.226212+03	f
1b79eb3f-d67e-46f0-af2d-7f3da68f5e95	8136f0b2-3c02-4816-8deb-ac78b6da641c	8	500	2024-07-18 00:31:31.237661+03	f
3c1e8ae6-6c7e-4737-837e-60bf87023fcd	8136f0b2-3c02-4816-8deb-ac78b6da641c	4	500	2024-07-18 00:31:31.244366+03	f
661f898c-5eb2-489a-9985-36e6a5d3d69f	8136f0b2-3c02-4816-8deb-ac78b6da641c	8	500	2024-07-18 00:31:31.254593+03	f
ac4113db-ce32-4612-8d6d-705f6e570a90	6414c25f-e134-4a06-9eaf-dac3a9f6b045	3	200	2024-07-18 00:31:31.260972+03	t
bf638808-cd44-4e9d-af90-0d45abfa6bd4	6414c25f-e134-4a06-9eaf-dac3a9f6b045	4	200	2024-07-18 00:31:31.268384+03	t
7909411f-d88a-4da1-9081-839b13bd83ec	6414c25f-e134-4a06-9eaf-dac3a9f6b045	3	200	2024-07-18 00:31:31.273711+03	t
5dbb7105-253d-4857-a43e-1148970a4626	6414c25f-e134-4a06-9eaf-dac3a9f6b045	3	200	2024-07-18 00:31:31.278868+03	t
a0803e0d-0b48-47ba-8737-4e3448f43a7f	6414c25f-e134-4a06-9eaf-dac3a9f6b045	3	200	2024-07-18 00:31:31.287226+03	t
1bcec8a5-e14f-4728-87b5-dd660165a961	a39f847b-bf47-4c15-8172-e4d3647d9561	4	500	2024-07-18 00:32:31.183608+03	f
0361a432-a909-4424-a10d-d45367874675	a39f847b-bf47-4c15-8172-e4d3647d9561	3	500	2024-07-18 00:32:31.189361+03	f
195ff299-bea3-48b7-8970-2ccf4c2a3662	a39f847b-bf47-4c15-8172-e4d3647d9561	3	500	2024-07-18 00:32:31.194385+03	f
6b95f894-b19d-44f1-bd67-7ed11c940eef	a39f847b-bf47-4c15-8172-e4d3647d9561	2	500	2024-07-18 00:32:31.200681+03	f
40cb1efd-3ec0-432a-9f4e-25c957c5265a	a39f847b-bf47-4c15-8172-e4d3647d9561	2	500	2024-07-18 00:32:31.204506+03	f
97b8cc73-7827-43a5-bec1-8f287bea2f8a	8136f0b2-3c02-4816-8deb-ac78b6da641c	4	500	2024-07-18 00:32:31.211655+03	f
7d8fe9b0-f5fa-4e66-aa11-b9b8e16b0def	8136f0b2-3c02-4816-8deb-ac78b6da641c	3	500	2024-07-18 00:32:31.217865+03	f
0a37442f-7c6f-44a4-ac10-9583b011590b	8136f0b2-3c02-4816-8deb-ac78b6da641c	3	500	2024-07-18 00:32:31.222131+03	f
44d8c929-ba8c-44c5-ad6a-1d4f9100b253	8136f0b2-3c02-4816-8deb-ac78b6da641c	3	500	2024-07-18 00:32:31.226575+03	f
6963a00c-288d-4c04-8065-6d522dc7d2cd	8136f0b2-3c02-4816-8deb-ac78b6da641c	3	500	2024-07-18 00:32:31.233293+03	f
81cf13ff-66c4-430a-a273-3cab9948367e	6414c25f-e134-4a06-9eaf-dac3a9f6b045	2	200	2024-07-18 00:32:31.238576+03	t
10a4e44e-48bb-4e41-a176-1c25e84479e2	6414c25f-e134-4a06-9eaf-dac3a9f6b045	3	200	2024-07-18 00:32:31.243135+03	t
56a08551-f832-4c5d-b547-5f1a12788c13	6414c25f-e134-4a06-9eaf-dac3a9f6b045	2	200	2024-07-18 00:32:31.249701+03	t
44059438-80c1-4415-9041-10f8ca9127c0	6414c25f-e134-4a06-9eaf-dac3a9f6b045	2	200	2024-07-18 00:32:31.253489+03	t
53afd4b9-2880-4d7f-9a84-e3cf3c9679e0	6414c25f-e134-4a06-9eaf-dac3a9f6b045	1	200	2024-07-18 00:32:31.256625+03	t
8b47edb7-a218-49c6-98e7-bd09cc8adee5	a39f847b-bf47-4c15-8172-e4d3647d9561	3	500	2024-07-18 00:33:31.197315+03	f
6562d850-e62d-44d7-b389-91424d3ffaec	a39f847b-bf47-4c15-8172-e4d3647d9561	1	500	2024-07-18 00:33:31.201685+03	f
c957d974-2f3a-4b28-a3a8-1eec92e39d1d	a39f847b-bf47-4c15-8172-e4d3647d9561	2	500	2024-07-18 00:33:31.204588+03	f
9cbd7dbb-44e3-4279-9765-cbeca6328f4a	a39f847b-bf47-4c15-8172-e4d3647d9561	2	500	2024-07-18 00:33:31.207349+03	f
f1b1246c-80b6-4128-921e-64a2d0254d73	a39f847b-bf47-4c15-8172-e4d3647d9561	3	500	2024-07-18 00:33:31.211749+03	f
6fa59ed3-10ed-45a8-a0ac-7b50fd732637	8136f0b2-3c02-4816-8deb-ac78b6da641c	3	500	2024-07-18 00:33:31.219432+03	f
d155b6a2-d452-409a-80dc-09d8bb677c57	8136f0b2-3c02-4816-8deb-ac78b6da641c	3	500	2024-07-18 00:33:31.223584+03	f
bab6610b-23f9-4cdb-a1f3-94ce8044045c	8136f0b2-3c02-4816-8deb-ac78b6da641c	3	500	2024-07-18 00:33:31.228236+03	f
24643ac7-a6d1-4ef6-8adf-6df98dd86a4a	8136f0b2-3c02-4816-8deb-ac78b6da641c	3	500	2024-07-18 00:33:31.233619+03	f
9dfaca09-996d-46e9-b6a2-2854268a26a1	8136f0b2-3c02-4816-8deb-ac78b6da641c	2	500	2024-07-18 00:33:31.237645+03	f
4621096a-23db-4977-957d-061557dd3255	6414c25f-e134-4a06-9eaf-dac3a9f6b045	2	200	2024-07-18 00:33:31.242253+03	t
0230cba6-0c17-4544-8203-dd015fb826cc	6414c25f-e134-4a06-9eaf-dac3a9f6b045	2	200	2024-07-18 00:33:31.247031+03	t
1ae6a219-ec2c-4e9b-812a-b77da9e270d6	6414c25f-e134-4a06-9eaf-dac3a9f6b045	2	200	2024-07-18 00:33:31.250667+03	t
c8644631-9c11-4f4b-bfb4-1a9a50a0b70d	6414c25f-e134-4a06-9eaf-dac3a9f6b045	2	200	2024-07-18 00:33:31.253608+03	t
d57f02af-45b9-4631-9e46-45416464db1b	6414c25f-e134-4a06-9eaf-dac3a9f6b045	2	200	2024-07-18 00:33:31.256859+03	t
\.


--
-- Data for Name: web_servers; Type: TABLE DATA; Schema: public; Owner: postgres
--

COPY public.web_servers (id, name, url, status, created_at, updated_at) FROM stdin;
a39f847b-bf47-4c15-8172-e4d3647d9561	Server2	http://localhost:3001	unhealthy	2024-07-17 23:26:14.324777+03	2024-07-17 23:26:14.324777+03
8136f0b2-3c02-4816-8deb-ac78b6da641c	Server3	http://localhost:3002	unhealthy	2024-07-17 23:34:18.692679+03	2024-07-17 23:34:18.692679+03
6414c25f-e134-4a06-9eaf-dac3a9f6b045	Server1	http://localhost:3001/test	healthy	2024-07-17 23:26:14.324777+03	2024-07-17 23:26:14.324777+03
\.


--
-- Name: migrations_id_seq; Type: SEQUENCE SET; Schema: public; Owner: postgres
--

SELECT pg_catalog.setval('public.migrations_id_seq', 5, true);


--
-- Name: migrations_lock_index_seq; Type: SEQUENCE SET; Schema: public; Owner: postgres
--

SELECT pg_catalog.setval('public.migrations_lock_index_seq', 1, true);


--
-- Name: email email_pkey; Type: CONSTRAINT; Schema: public; Owner: postgres
--

ALTER TABLE ONLY public.email
    ADD CONSTRAINT email_pkey PRIMARY KEY (id);


--
-- Name: migrations_lock migrations_lock_pkey; Type: CONSTRAINT; Schema: public; Owner: postgres
--

ALTER TABLE ONLY public.migrations_lock
    ADD CONSTRAINT migrations_lock_pkey PRIMARY KEY (index);


--
-- Name: migrations migrations_pkey; Type: CONSTRAINT; Schema: public; Owner: postgres
--

ALTER TABLE ONLY public.migrations
    ADD CONSTRAINT migrations_pkey PRIMARY KEY (id);


--
-- Name: requests requests_pkey; Type: CONSTRAINT; Schema: public; Owner: postgres
--

ALTER TABLE ONLY public.requests
    ADD CONSTRAINT requests_pkey PRIMARY KEY (id);


--
-- Name: web_servers web_servers_pkey; Type: CONSTRAINT; Schema: public; Owner: postgres
--

ALTER TABLE ONLY public.web_servers
    ADD CONSTRAINT web_servers_pkey PRIMARY KEY (id);


--
-- Name: requests requests_server_id_foreign; Type: FK CONSTRAINT; Schema: public; Owner: postgres
--

ALTER TABLE ONLY public.requests
    ADD CONSTRAINT requests_server_id_foreign FOREIGN KEY (server_id) REFERENCES public.web_servers(id) ON DELETE CASCADE;


--
-- PostgreSQL database dump complete
--

